,ISO3,Country,Year,GDP_Per_Capita,Temp_Change,Investment_Percent,g20,color_code
0,AFG,Afghanistan,2010,554.5952002,1.896,0.113936737799151,False,#9A381D
1,AGO,Angola,2010,3496.784796,1.553,0.357306129711757,False,#9A381D
2,ALB,Albania,2010,4094.348386,1.524,0.0111322230338612,False,#9A381D
3,ARE,United Arab Emirates,2010,34165.91331,1.706,0.0,False,#9A381D
4,ARG,Argentina,2010,10385.96443,0.352,0.0,True,#505693
5,ARM,Armenia,2010,3143.029202,3.055,0.0,False,#9A381D
6,AUS,Australia,2010,52134.30885,0.874,1.4582236158334008,True,#505693
7,AUT,Austria,2010,46903.76159,0.912,1.1446768905083744,True,#505693
8,AZE,Azerbaijan,2010,5843.533768,2.606,0.0268456375838926,False,#9A381D
9,BDI,Burundi,2010,222.6605892,,0.23958410453702,False,#9A381D
10,BEL,Belgium,2010,44184.94635,0.46499999999999997,2.4461640138789424,True,#46725D
11,BFA,Burkina Faso,2010,627.2703475,1.597,0.0,False,#9A381D
12,BGD,Bangladesh,2010,776.8595769,1.099,0.0790915475324269,False,#505693
13,BGR,Bulgaria,2010,6853.002854,1.585,1.338117716973008,True,#9A381D
14,BHR,Bahrain,2010,21186.81433,2.2430000000000003,0.115947125628349,False,#9A381D
15,BHS,"Bahamas, The",2010,27046.65767,0.649,1.9707013237382291,False,#505693
16,BLR,Belarus,2010,6033.686239,1.684,0.294142949260204,False,#9A381D
17,BOL,Bolivia,2010,1922.049531,0.76,0.0,False,#505693
18,BRA,Brazil,2010,11249.46454,1.349,0.0,True,#505693
19,BTN,Bhutan,2010,2194.126452,1.387,0.0,False,#505693
20,BWA,Botswana,2010,6041.754284,1.423,0.0,False,#505693
21,CAN,Canada,2010,47562.08343,3.178,1.4075224723417334,True,#9A381D
22,CHE,Switzerland,2010,76531.37294,0.683,1.1884265667387075,False,#505693
23,CHL,Chile,2010,12767.78121,0.209,0.0749322478418613,False,#505693
24,CHN,China,2010,4550.453108,1.192,0.611535809620949,True,#505693
25,CHN,"Hong Kong SAR, China",2010,32549.99823,1.192,0.611535809620949,False,#505693
26,CHN,"Macao SAR, China",2010,50676.49474,1.192,0.611535809620949,False,#505693
27,COG,"Congo, Rep.",2010,2962.762254,1.554,0.0298286807249189,False,#9A381D
28,COL,Colombia,2010,6394.198705,1.166,1.0569723927508006,False,#505693
29,CPV,Cabo Verde,2010,3192.3921,,0.392534180900625,False,#9A381D
30,CRI,Costa Rica,2010,8147.243985,0.964,0.0,False,#505693
31,CYP,Cyprus,2010,31105.39844,2.231,0.6007212776919112,True,#9A381D
32,CZE,Czechia,2010,19960.06849,0.646,1.97677359894011,False,#505693
33,DEU,Germany,2010,41572.45595,0.432,1.122055841522383,True,#505693
34,DNK,Denmark,2010,58041.39844,0.05499999999999999,0.8224521598342506,True,#505693
35,DOM,Dominican Republic,2010,5509.566837,1.519,0.0,False,#9A381D
36,DZA,Algeria,2010,4495.920448,2.499,0.0,False,#9A381D
37,EGY,"Egypt, Arab Rep.",2010,2509.772034,2.518,0.107826008024319,False,#9A381D
38,ESP,Spain,2010,30532.48051,1.085,2.0652385688942627,True,#46725D
39,EST,Estonia,2010,14663.04461,0.77,-0.5176004504412828,True,#505693
40,ETH,Ethiopia,2010,335.4384953,1.54,0.0,False,#9A381D
41,FIN,Finland,2010,46505.30318,0.482,0.5527710305459143,True,#505693
42,FJI,Fiji,2010,3469.165917,1.2109999999999999,0.0,False,#505693
43,FRA,France,2010,40676.06479,0.5760000000000001,1.9879826932339124,True,#505693
44,FSM,"Micronesia, Fed. Sts.",2010,2760.01134,0.502,0.443768441422192,False,#505693
45,GBR,United Kingdom,2010,39693.19387,0.196,1.9131680721004598,True,#505693
46,GEO,Georgia,2010,3233.295943,2.738,1.136490219718226,False,#9A381D
47,GNQ,Equatorial Guinea,2010,14905.51343,1.246,0.0,False,#505693
48,GRC,Greece,2010,26716.64883,1.801,1.5598507968802982,True,#9A381D
49,GTM,Guatemala,2010,2852.547327,1.014,0.0,False,#505693
50,HND,Honduras,2010,1874.271704,1.06,0.0,False,#505693
51,HRV,Croatia,2010,14124.81084,1.1280000000000001,1.2287939314096297,True,#505693
52,HUN,Hungary,2010,13217.5046,1.08,1.1582402127207376,True,#505693
53,IDN,Indonesia,2010,3094.44309,1.009,0.220625092482545,True,#505693
54,IRL,Ireland,2010,48663.60044,0.164,1.913378106271996,True,#505693
55,IRN,"Iran, Islamic Rep.",2010,6458.573936,2.342,0.0,False,#9A381D
56,ISL,Iceland,2010,43237.07295,1.468,1.1923184765020278,False,#505693
57,ISR,Israel,2010,31266.60532,2.635,0.618123740143652,False,#9A381D
58,ITA,Italy,2010,36035.645,0.946,1.6710937887890378,True,#505693
59,JAM,Jamaica,2010,4835.793638,1.252,0.0617724110411353,False,#505693
60,JOR,Jordan,2010,3914.701234,2.889,0.0171295085719821,False,#9A381D
61,JPN,Japan,2010,44968.15623,1.134,2.2842929785061523,True,#46725D
62,KAZ,Kazakhstan,2010,9070.488253,1.549,0.1932796110612994,False,#9A381D
63,KEN,Kenya,2010,1093.638961,1.334,0.176597180315155,False,#505693
64,KGZ,Kyrgyz Republic,2010,880.0377751,1.611,0.0,False,#9A381D
65,KHM,Cambodia,2010,782.6957324,1.462,0.0,False,#505693
66,KIR,Kiribati,2010,1438.02733,0.988,0.0,False,#505693
67,KOR,"Korea, Rep.",2010,23087.22564,0.792,0.406135983121873,False,#505693
68,KWT,Kuwait,2010,39213.53715,2.692,0.0,False,#9A381D
69,LBN,Lebanon,2010,7695.245415,2.622,0.0055271215101632,False,#9A381D
70,LBR,Liberia,2010,497.0203654,1.645,0.0,False,#9A381D
71,LTU,Lithuania,2010,11987.50841,0.973,2.678610539382678,True,#46725D
72,LUX,Luxembourg,2010,110885.9914,0.5529999999999999,1.676560189955648,True,#505693
73,LVA,Latvia,2010,11420.994,0.915,0.5940829076072077,True,#505693
74,MDA,Moldova,2010,2436.799359,1.581,0.147898512672497,False,#9A381D
75,MDG,Madagascar,2010,459.375408,1.305,0.0,False,#505693
76,MDV,Maldives,2010,7158.061411,0.885,0.0,False,#505693
77,MHL,Marshall Islands,2010,3001.319829,0.752,4.986553884928336,False,#46725D
78,MKD,North Macedonia,2010,4577.688755,1.644,0.0,False,#9A381D
79,MLT,Malta,2010,21799.16274,1.537,3.7659386918990014,True,#A46D13
80,MMR,Myanmar,2010,765.2418886,1.438,0.0,False,#505693
81,MNG,Mongolia,2010,2660.28811,0.575,0.0,False,#505693
82,MUS,Mauritius,2010,8000.376432,1.262,0.960004156424436,False,#505693
83,MYS,Malaysia,2010,8880.109965,1.2349999999999999,0.0,False,#505693
84,NAM,Namibia,2010,5445.38292,1.844,0.772222205776596,False,#9A381D
85,NIC,Nicaragua,2010,1495.737186,0.998,0.0,False,#505693
86,NLD,Netherlands,2010,50999.74512,0.33799999999999997,3.261956203740062,True,#46725D
87,NOR,Norway,2010,87693.79007,-0.07,1.6595156665363673,False,#505693
88,NPL,Nepal,2010,589.1654349,1.464,0.117690853658591,False,#505693
89,NRU,Nauru,2010,4644.519128,,0.0,False,#9A381D
90,NZL,New Zealand,2010,33676.77412,0.84,1.13265914032945,False,#505693
91,OMN,Oman,2010,22552.19901,1.473,0.277343465566344,False,#505693
92,PAN,Panama,2010,8124.558307,1.034,0.0,False,#505693
93,PHL,Philippines,2010,2201.775071,1.175,0.0,False,#505693
94,PLW,Palau,2010,10029.28803,0.863,6.99440472743986,False,#46725D
95,PNG,Papua New Guinea,2010,1879.236413,1.3,0.0,False,#505693
96,POL,Poland,2010,12504.25019,0.622,1.474243758913801,True,#505693
97,PRT,Portugal,2010,22520.64231,1.344,1.482023909475377,True,#505693
98,PSE,West Bank and Gaza,2010,2557.075624,2.641,0.0,False,#9A381D
99,QAT,Qatar,2010,73021.30975,2.167,0.145562409505231,False,#9A381D
100,ROU,Romania,2010,8397.809173,1.404,1.5355870084926708,True,#505693
101,RUS,Russia,2010,10674.99609,1.121,0.0532068944042672,True,#505693
102,SEN,Senegal,2010,1286.604868,1.668,0.0,False,#9A381D
103,SGP,Singapore,2010,47236.96023,,0.0,False,#9A381D
104,SLB,Solomon Islands,2010,1661.998091,0.77,0.0,False,#505693
105,SLV,El Salvador,2010,3017.307395,0.938,0.195686017719071,False,#505693
106,SMR,San Marino,2010,59517.03274,0.864,0.0,False,#505693
108,SRB,Serbia,2010,5735.422857,1.457,0.34903753370108,False,#505693
109,SVK,Slovak Republic,2010,16908.84796,0.93,1.7587133333137805,False,#505693
110,SVN,Slovenia,2010,23532.48085,1.058,1.3409067784258555,True,#505693
111,SWE,Sweden,2010,52869.04429,-0.02400000000000002,0.8787264091677223,True,#505693
112,SYC,Seychelles,2010,10804.68447,1.081,1.53775586433002,False,#505693
113,THA,Thailand,2010,4996.372886,1.571,0.0,False,#9A381D
114,TLS,Timor-Leste,2010,810.1416048,1.2389999999999999,0.0,False,#505693
115,TTO,Trinidad and Tobago,2010,15711.55871,1.446,0.383804726166439,False,#505693
116,TUN,Tunisia,2010,4241.01191,2.0709999999999997,0.372852056554251,False,#9A381D
117,TZA,Tanzania,2010,730.8132935,1.256,0.0,False,#505693
118,UGA,Uganda,2010,824.7376784,1.554,0.0435783676164823,False,#9A381D
119,UKR,Ukraine,2010,3078.429932,1.885,0.266120409951952,False,#9A381D
120,URY,Uruguay,2010,12015.70985,0.552,0.0,False,#505693
121,USA,United States,2010,48650.64313,0.94,0.180743387,True,#505693
122,UZB,Uzbekistan,2010,1742.349256,2.05,0.0,False,#9A381D
123,WSM,Samoa,2010,3494.341524,1.206,1.66697433007206,False,#505693
125,ZAF,South Africa,2010,8059.587017,1.344,0.5074932911072998,True,#505693
126,ZMB,Zambia,2010,1469.36145,1.731,0.0329658711603686,False,#9A381D
127,AFG,Afghanistan,2011,621.9123109,1.696,0.365817096191878,False,#9A381D
128,AGO,Angola,2011,4511.153227,1.173,0.310022402007158,False,#505693
129,ALB,Albania,2011,4437.142612,1.358,0.10850483405489239,False,#505693
130,ARE,United Arab Emirates,2011,40893.02336,1.383,0.209993436896121,False,#505693
131,ARG,Argentina,2011,12848.8642,0.61,0.0,True,#505693
132,ARM,Armenia,2011,3462.681611,0.926,0.0,False,#505693
133,AUS,Australia,2011,62596.43217,0.406,1.608855696016081,True,#505693
134,AUT,Austria,2011,51442.27625,1.631,0.9704038905150966,True,#9A381D
135,AZE,Azerbaijan,2011,7189.691229,1.018,0.0232325947544257,False,#505693
136,BDI,Burundi,2011,236.4513537,,0.17732558397948,False,#9A381D
137,BEL,Belgium,2011,47410.56693,1.518,3.021134777427862,True,#A46D13
138,BFA,Burkina Faso,2011,727.6125147,1.338,0.0,False,#505693
139,BGD,Bangladesh,2011,856.3815861,0.426,0.0795705485566735,False,#505693
140,BGR,Bulgaria,2011,7849.165283,0.649,1.3761862079596532,True,#505693
141,BHR,Bahrain,2011,23741.55746,1.457,0.0861287742144177,False,#505693
142,BHS,"Bahamas, The",2011,26644.92658,0.7030000000000001,2.120317791621344,False,#46725D
143,BLR,Belarus,2011,6527.173869,1.2389999999999999,0.188774430828817,False,#505693
144,BOL,Bolivia,2011,2304.969835,1.192,0.0,False,#505693
145,BRA,Brazil,2011,13200.78508,1.032,0.0,True,#505693
146,BTN,Bhutan,2011,2491.271677,0.7150000000000001,0.0717747330956963,False,#505693
147,BWA,Botswana,2011,7080.812813,0.627,0.0,False,#505693
148,CAN,Canada,2011,52223.69611,1.707,1.3382839279101135,True,#9A381D
149,CHE,Switzerland,2011,90476.75897,1.899,1.1614502075728828,False,#9A381D
150,CHL,Chile,2011,14628.57246,0.41600000000000004,0.0772099700908577,False,#505693
151,CHN,China,2011,5614.352135,1.014,0.545535887752877,True,#505693
152,CHN,"Hong Kong SAR, China",2011,35142.48793,1.014,0.545535887752877,False,#505693
153,CHN,"Macao SAR, China",2011,64528.42721,1.014,0.545535887752877,False,#505693
154,COG,"Congo, Rep.",2011,3415.062563,0.909,0.037546199446279,False,#505693
155,COL,Colombia,2011,7392.452361,0.598,1.1292100616616836,False,#505693
156,CPV,Cabo Verde,2011,3537.139837,1.987,1.081622441800268,False,#9A381D
157,CRI,Costa Rica,2011,9137.455823,0.538,0.0,False,#505693
158,CYP,Cyprus,2011,32486.42969,0.942,0.6120253899641975,True,#505693
159,CZE,Czechia,2011,21871.26608,1.279,2.5544497569494142,False,#46725D
160,DEU,Germany,2011,46705.8958,1.358,1.1690847799937623,True,#505693
161,DNK,Denmark,2011,61753.64713,0.934,0.7670882484484424,True,#505693
162,DOM,Dominican Republic,2011,5859.379217,0.879,0.0,False,#505693
163,DZA,Algeria,2011,5473.28055,1.64,0.0,False,#9A381D
164,EGY,"Egypt, Arab Rep.",2011,2645.622535,0.803,0.0803230477880283,False,#505693
165,ESP,Spain,2011,31677.90031,1.789,1.8992952377550263,True,#9A381D
166,EST,Estonia,2011,17487.80478,1.526,-0.34358182554078126,True,#9A381D
167,ETH,Ethiopia,2011,348.0013483,1.4,0.0,False,#505693
168,FIN,Finland,2011,51148.93164,1.595,0.4848533823573978,True,#9A381D
169,FJI,Fiji,2011,4160.684021,1.183,0.0,False,#505693
170,FRA,France,2011,43846.46608,1.712,1.9826377097595231,True,#9A381D
171,FSM,"Micronesia, Fed. Sts.",2011,2885.441249,0.37,0.404575753521598,False,#505693
172,GBR,United Kingdom,2011,42150.69814,1.097,1.748178656119854,True,#505693
173,GEO,Georgia,2011,4021.743306,0.6779999999999999,0.8697452675414065,False,#505693
174,GNQ,Equatorial Guinea,2011,18659.41705,0.912,0.0,False,#505693
175,GRC,Greece,2011,25483.88256,0.615,1.7205422314911365,True,#505693
176,GTM,Guatemala,2011,3228.045741,0.835,0.0,False,#505693
177,HND,Honduras,2011,2053.964255,0.993,0.0,False,#505693
178,HRV,Croatia,2011,14812.86947,1.519,1.1816707710813814,True,#9A381D
179,HUN,Hungary,2011,14234.47158,1.165,1.414550061766921,True,#505693
180,IDN,Indonesia,2011,3613.800902,0.581,0.235165275189658,True,#505693
181,IRL,Ireland,2011,52183.13293,0.826,1.500341905233422,True,#505693
182,IRN,"Iran, Islamic Rep.",2011,8201.581709,1.484,0.0,False,#505693
183,ISL,Iceland,2011,47714.59223,1.276,1.1290632221770502,False,#505693
184,ISR,Israel,2011,34354.71612,0.893,0.585278814105696,False,#505693
185,ITA,Italy,2011,38649.63948,1.45,1.7024956997882037,True,#505693
186,JAM,Jamaica,2011,5259.929487,0.604,0.0755335483189772,False,#505693
187,JOR,Jordan,2011,4152.493982,0.81,0.093024827164356,False,#505693
188,JPN,Japan,2011,48760.07895,0.806,2.382214535000479,True,#46725D
189,KAZ,Kazakhstan,2011,11634.0012,0.988,0.23510425797851098,False,#505693
190,KEN,Kenya,2011,1099.315094,1.27,0.152680313228076,False,#505693
191,KGZ,Kyrgyz Republic,2011,1123.883168,1.485,0.0,False,#505693
192,KHM,Cambodia,2011,880.3103044,0.644,0.0,False,#505693
193,KIR,Kiribati,2011,1644.344796,1.005,1.6153149810119,False,#505693
194,KOR,"Korea, Rep.",2011,25096.26388,0.597,0.0,False,#505693
195,KWT,Kuwait,2011,49006.58145,1.404,0.0,False,#505693
196,LBN,Lebanon,2011,7914.109568,0.953,0.0152182123276292,False,#505693
197,LBR,Liberia,2011,573.5264222,1.309,0.0,False,#505693
198,LTU,Lithuania,2011,14376.94786,1.1640000000000001,1.5185329467513053,True,#505693
199,LUX,Luxembourg,2011,119025.0572,1.571,1.5777382907792703,True,#9A381D
200,LVA,Latvia,2011,13338.96224,1.368,1.3580958203994604,True,#505693
201,MDA,Moldova,2011,2941.362119,0.7010000000000001,0.223239565581317,False,#505693
202,MDG,Madagascar,2011,516.9025392,1.206,0.0,False,#505693
203,MDV,Maldives,2011,7409.335968,0.759,0.0,False,#505693
204,MHL,Marshall Islands,2011,3238.887316,0.562,4.386207952307457,False,#46725D
205,MKD,North Macedonia,2011,5098.097583,1.013,0.0,False,#505693
206,MLT,Malta,2011,23155.56281,1.317,2.643835786568404,True,#46725D
207,MMR,Myanmar,2011,1086.838467,0.758,0.0,False,#505693
208,MNG,Mongolia,2011,3793.743754,1.0230000000000001,0.0,False,#505693
209,MUS,Mauritius,2011,9197.026972,1.076,0.884387277065874,False,#505693
210,MYS,Malaysia,2011,10209.38195,0.864,0.0,False,#505693
211,NAM,Namibia,2011,5873.079494,0.263,1.664772484759263,False,#505693
212,NIC,Nicaragua,2011,1644.799354,0.855,0.0,False,#505693
213,NLD,Netherlands,2011,54230.3129,1.306,3.1757844513568623,True,#46725D
214,NOR,Norway,2011,100600.5624,1.678,1.6037624033948719,False,#9A381D
215,NPL,Nepal,2011,791.225217,0.558,0.0839356858458909,False,#505693
216,NRU,Nauru,2011,6423.748679,,0.0,False,#9A381D
217,NZL,New Zealand,2011,38387.62708,0.908,0.932723567603431,False,#505693
218,OMN,Oman,2011,24166.09631,1.249,0.0460953602911006,False,#505693
219,PAN,Panama,2011,9403.439908,0.643,0.0,False,#505693
220,PHL,Philippines,2011,2431.202037,0.729,0.0,False,#505693
221,PLW,Palau,2011,10795.56469,0.84,7.151751768488436,False,#46725D
222,PNG,Papua New Guinea,2011,2303.797461,0.704,0.0,False,#505693
223,POL,Poland,2011,13776.61155,0.986,1.3794590044422905,True,#505693
224,PRT,Portugal,2011,23217.2955,1.827,1.424344193685043,True,#9A381D
225,PSE,West Bank and Gaza,2011,2880.798437,0.898,0.0,False,#505693
226,QAT,Qatar,2011,92992.99713,1.652,0.0,False,#9A381D
227,ROU,Romania,2011,9560.184513,0.732,1.882266972439474,True,#505693
228,RUS,Russia,2011,14311.08398,1.945,0.0517350367634827,True,#9A381D
229,SEN,Senegal,2011,1383.539193,1.401,0.0,False,#505693
230,SGP,Singapore,2011,53890.42873,,0.0,False,#9A381D
231,SLB,Solomon Islands,2011,1921.346043,0.5369999999999999,0.2754796331286339,False,#505693
232,SLV,El Salvador,2011,3304.974183,0.928,0.0882478077321842,False,#505693
233,SMR,San Marino,2011,55816.3651,1.452,0.0,False,#505693
235,SRB,Serbia,2011,6809.159804,1.018,0.342102993268823,False,#505693
236,SVK,Slovak Republic,2011,18509.74022,1.0899999999999999,1.5667258027193236,False,#505693
237,SVN,Slovenia,2011,25128.01504,1.641,1.5908711901453105,True,#9A381D
238,SWE,Sweden,2011,60755.75955,1.528,0.8997010385189538,True,#9A381D
239,SYC,Seychelles,2011,12189.09516,0.991,1.30140274029549,False,#505693
240,THA,Thailand,2011,5396.649426,0.5389999999999999,0.0,False,#505693
241,TLS,Timor-Leste,2011,936.5983448,0.274,0.0,False,#505693
242,TTO,Trinidad and Tobago,2011,17910.31915,0.784,0.0,False,#505693
243,TUN,Tunisia,2011,4361.896449,1.345,0.344227674044303,False,#505693
244,TZA,Tanzania,2011,768.9334717,0.976,0.0,False,#505693
245,UGA,Uganda,2011,837.0958831,1.365,0.019148823611541,False,#505693
246,UKR,Ukraine,2011,3704.824951,0.814,0.299286687369374,False,#505693
247,URY,Uruguay,2011,14267.58431,0.747,0.0,False,#505693
248,USA,United States,2011,50065.9665,0.784,0.290389641,True,#505693
249,UZB,Uzbekistan,2011,2051.129515,1.311,0.0078040285344026,False,#505693
250,WSM,Samoa,2011,3789.666679,0.749,1.88437684502089,False,#505693
252,ZAF,South Africa,2011,8737.079774,0.7050000000000001,0.56762420004992,True,#505693
253,ZMB,Zambia,2011,1644.456831,1.2149999999999999,0.1098571820418759,False,#505693
254,AFG,Afghanistan,2012,663.1410528,0.484,0.275446885255142,False,#505693
255,AGO,Angola,2012,4962.552072,0.826,0.450566985325976,False,#505693
256,ALB,Albania,2012,4247.630047,1.818,0.0707782279396898,False,#9A381D
257,ARE,United Arab Emirates,2012,44386.78608,1.345,0.494343855032842,False,#505693
258,ARG,Argentina,2012,13082.66433,1.037,0.0,True,#505693
259,ARM,Armenia,2012,3643.715183,1.522,0.0,False,#9A381D
260,AUS,Australia,2012,68044.71482,0.508,1.8672293655974381,True,#505693
261,AUT,Austria,2012,48564.91734,2.041,0.9592563198035731,True,#9A381D
262,AZE,Azerbaijan,2012,7496.294648,1.725,0.0230163470865141,False,#9A381D
263,BDI,Burundi,2012,238.2059494,,0.105645865274629,False,#9A381D
264,BEL,Belgium,2012,44670.56068,1.363,3.1521719427720547,True,#46725D
265,BFA,Burkina Faso,2012,733.9729342,0.823,0.0,False,#505693
266,BGD,Bangladesh,2012,876.8175451,0.593,0.0688321878992119,False,#505693
267,BGR,Bulgaria,2012,7432.478766,1.909,1.3753357957534469,True,#9A381D
268,BHR,Bahrain,2012,25102.72635,1.402,0.0694565527709906,False,#505693
269,BHS,"Bahamas, The",2012,28059.6554,0.702,1.991342406750983,False,#505693
270,BLR,Belarus,2012,6953.132515,1.776,0.158011981738322,False,#9A381D
271,BOL,Bolivia,2012,2562.466784,0.924,0.0,False,#505693
272,BRA,Brazil,2012,12327.31744,1.256,0.0,True,#505693
273,BTN,Bhutan,2012,2470.073677,0.615,0.0946427078476134,False,#505693
274,BWA,Botswana,2012,6393.008265,1.0590000000000002,0.0,False,#505693
275,CAN,Canada,2012,52669.08996,2.415,1.281741855439002,True,#9A381D
276,CHE,Switzerland,2012,85836.20768,1.736,1.1718041475358474,False,#9A381D
277,CHL,Chile,2012,15406.49294,0.921,0.0810037935097025,False,#505693
278,CHN,China,2012,6300.615118,0.846,0.550400808345951,True,#505693
279,CHN,"Hong Kong SAR, China",2012,36730.8767,0.846,0.550400808345951,False,#505693
280,CHN,"Macao SAR, China",2012,74111.26726,0.846,0.550400808345951,False,#505693
281,COG,"Congo, Rep.",2012,3753.861207,0.913,0.0099305456144802,False,#505693
282,COL,Colombia,2012,8101.829092,0.809,0.7755301894803803,False,#505693
283,CPV,Cabo Verde,2012,3262.647058,1.953,1.8115764224205952,False,#9A381D
284,CRI,Costa Rica,2012,9971.650902,,0.0,False,#9A381D
285,CYP,Cyprus,2012,28993.34961,1.1989999999999998,0.5565671841404074,True,#505693
286,CZE,Czechia,2012,19870.80121,1.82,2.636936182534619,False,#A46D13
287,DEU,Germany,2012,43855.85447,1.588,1.1467557397889494,True,#9A381D
288,DNK,Denmark,2012,58507.50805,1.395,0.7997353037094419,True,#505693
289,DOM,Dominican Republic,2012,6049.471741,1.08,0.0,False,#505693
290,DZA,Algeria,2012,5610.730894,1.378,0.0,False,#505693
291,EGY,"Egypt, Arab Rep.",2012,3059.135428,1.121,0.0862243983997134,False,#505693
292,ESP,Spain,2012,28322.94659,1.208,1.8423061219145778,True,#505693
293,EST,Estonia,2012,17403.20533,1.692,1.7670674661446957,True,#9A381D
294,ETH,Ethiopia,2012,458.5509208,1.328,0.0,False,#505693
295,FIN,Finland,2012,47708.06128,1.783,0.493441505792466,True,#9A381D
296,FJI,Fiji,2012,4359.77535,0.865,0.0,False,#505693
297,FRA,France,2012,40870.85236,1.396,2.011533872972285,True,#46725D
298,FSM,"Micronesia, Fed. Sts.",2012,3023.585446,0.783,0.448118260034034,False,#505693
299,GBR,United Kingdom,2012,42485.58607,0.824,1.6367338521106913,True,#505693
300,GEO,Georgia,2012,4421.818242,1.469,0.6500821512736105,False,#505693
301,GNQ,Equatorial Guinea,2012,18756.42642,0.849,0.0,False,#505693
302,GRC,Greece,2012,21912.99829,1.46,2.220936466566519,True,#46725D
303,GTM,Guatemala,2012,3355.036919,0.865,0.0,False,#505693
304,HND,Honduras,2012,2107.350831,0.886,0.0,False,#505693
305,HRV,Croatia,2012,13443.13523,2.107,1.2211633913870974,True,#9A381D
306,HUN,Hungary,2012,12984.83657,2.001,1.3794913412241963,True,#9A381D
307,IDN,Indonesia,2012,3668.21207,0.661,0.241267559721901,True,#505693
308,IRL,Ireland,2012,49054.69743,0.965,1.434849270424413,True,#505693
309,IRN,"Iran, Islamic Rep.",2012,8329.002044,1.23,0.0,False,#505693
310,ISL,Iceland,2012,45995.54788,0.998,1.1571449722115632,False,#505693
311,ISR,Israel,2012,33156.22832,1.351,0.587408205463473,False,#505693
312,ITA,Italy,2012,35051.52127,1.736,1.71907916850842,True,#9A381D
313,JAM,Jamaica,2012,5365.242293,0.739,0.161552363740131,False,#505693
314,JOR,Jordan,2012,4386.461816,1.337,0.0463034306482362,False,#505693
315,JPN,Japan,2012,49145.28043,0.603,2.1682410383100215,True,#46725D
316,KAZ,Kazakhstan,2012,12386.69927,1.393,0.191731311603121,False,#505693
317,KEN,Kenya,2012,1289.780822,1.1480000000000001,0.207529604904428,False,#505693
318,KGZ,Kyrgyz Republic,2012,1177.974735,0.5389999999999999,0.0,False,#505693
319,KHM,Cambodia,2012,950.4825446,1.113,0.0,False,#505693
320,KIR,Kiribati,2012,1698.920883,1.105,1.38038538236719,False,#505693
321,KOR,"Korea, Rep.",2012,25466.76052,0.669,0.0,False,#505693
322,KWT,Kuwait,2012,51277.66211,1.594,0.0,False,#9A381D
323,LBN,Lebanon,2012,8500.180563,1.333,0.0034707851289467,False,#505693
324,LBR,Liberia,2012,644.4555767,1.097,0.0,False,#505693
325,LTU,Lithuania,2012,14367.70942,1.573,1.7083196149678839,True,#9A381D
326,LUX,Luxembourg,2012,112584.6763,1.494,1.6357371333488993,True,#505693
327,LVA,Latvia,2012,13847.33794,1.619,1.4460419240568063,True,#9A381D
328,MDA,Moldova,2012,3044.808478,2.302,0.27597600735886,False,#9A381D
329,MDG,Madagascar,2012,504.1737301,0.976,0.0,False,#505693
330,MDV,Maldives,2012,7447.432572,0.768,0.0,False,#505693
331,MHL,Marshall Islands,2012,3445.315403,0.945,4.3344610645482184,False,#46725D
332,MKD,North Macedonia,2012,4728.308142,1.736,0.0,False,#9A381D
333,MLT,Malta,2012,22527.75911,1.667,2.8919431974645793,True,#A46D13
334,MMR,Myanmar,2012,1161.305962,1.1280000000000001,0.0097188984443377,False,#505693
335,MNG,Mongolia,2012,4402.304523,0.496,0.0,False,#505693
336,MUS,Mauritius,2012,9291.227619,0.853,0.897263321203272,False,#505693
337,MYS,Malaysia,2012,10601.51389,1.037,0.0,False,#505693
338,NAM,Namibia,2012,6017.157069,0.679,0.969669570516744,False,#505693
339,NIC,Nicaragua,2012,1746.425626,0.904,0.0,False,#505693
340,NLD,Netherlands,2012,50070.1416,1.385,3.0926571980776982,True,#46725D
341,NOR,Norway,2012,101524.1419,1.334,1.539851008062272,False,#505693
342,NPL,Nepal,2012,794.0927699,0.743,0.0521559861233951,False,#505693
343,NRU,Nauru,2012,9280.658894,,0.0,False,#9A381D
344,NZL,New Zealand,2012,39973.38076,0.34299999999999997,1.02962259782357,False,#505693
345,OMN,Oman,2012,24722.63882,1.169,0.0541308134129631,False,#505693
346,PAN,Panama,2012,10767.29318,1.042,0.0,False,#505693
347,PHL,Philippines,2012,2671.777205,1.029,0.0,False,#505693
348,PLW,Palau,2012,11835.38393,1.0390000000000001,6.062004924753679,False,#46725D
349,PNG,Papua New Guinea,2012,2653.153909,0.5700000000000001,0.0,False,#505693
350,POL,Poland,2012,13010.92339,1.605,1.1797153998195447,True,#9A381D
351,PRT,Portugal,2012,20563.7136,1.017,1.2599580737702,True,#505693
352,PSE,West Bank and Gaza,2012,3067.438727,1.36,0.0,False,#505693
353,QAT,Qatar,2012,98041.36224,1.582,0.0,False,#9A381D
354,ROU,Romania,2012,8930.729912,2.065,1.6628953981173678,True,#9A381D
355,RUS,Russia,2012,15420.875,2.176,0.0546228235301028,True,#9A381D
356,SEN,Senegal,2012,1334.726015,1.08,0.0,False,#505693
357,SGP,Singapore,2012,55546.48854,,0.0,False,#9A381D
358,SLB,Solomon Islands,2012,2087.518739,0.473,0.2582404083711956,False,#505693
359,SLV,El Salvador,2012,3471.051269,1.056,0.139313416253042,False,#505693
360,SMR,San Marino,2012,48435.94253,1.862,0.0,False,#9A381D
362,SRB,Serbia,2012,6015.945228,1.975,0.402078004230787,False,#9A381D
363,SVK,Slovak Republic,2012,17498.3539,1.82,1.73762568670677,False,#9A381D
364,SVN,Slovenia,2012,22641.80512,2.217,1.5163806681359664,True,#9A381D
365,SWE,Sweden,2012,58037.82132,1.572,0.9194017984091196,True,#9A381D
366,SYC,Seychelles,2012,11998.4472,0.988,2.11210619644754,False,#46725D
367,THA,Thailand,2012,5748.631241,1.2,0.0,False,#505693
368,TLS,Timor-Leste,2012,1019.964868,,0.210278784777641,False,#9A381D
369,TTO,Trinidad and Tobago,2012,18961.23359,0.846,0.593309276285131,False,#505693
370,TUN,Tunisia,2012,4233.894568,1.93,0.311565283134595,False,#9A381D
371,TZA,Tanzania,2012,854.5432129,1.084,0.0,False,#505693
372,UGA,Uganda,2012,796.711135,0.959,0.0648638178113077,False,#505693
373,UKR,Ukraine,2012,4004.804443,2.1879999999999997,0.37716358800543,False,#9A381D
374,URY,Uruguay,2012,15206.87262,1.1480000000000001,0.0,False,#505693
375,USA,United States,2012,51784.41857,1.695,0.215332008,True,#9A381D
376,UZB,Uzbekistan,2012,2267.623275,0.941,0.0099111032677731,False,#505693
377,WSM,Samoa,2012,3902.391701,0.81,1.16860611123748,False,#505693
379,ZAF,South Africa,2012,8173.869138,0.77,0.563819099798108,True,#505693
380,ZMB,Zambia,2012,1729.647471,1.1760000000000002,0.0,False,#505693
381,AFG,Afghanistan,2013,651.9878619,1.558,0.29947925997365,False,#9A381D
382,AGO,Angola,2013,5101.983876,1.34,0.372128208780894,False,#505693
383,ALB,Albania,2013,4413.062005,1.694,0.0925105107062541,False,#9A381D
384,ARE,United Arab Emirates,2013,45729.60768,1.006,0.424563365394683,False,#505693
385,ARG,Argentina,2013,13080.25473,0.687,0.0,True,#505693
386,ARM,Armenia,2013,3833.157532,1.657,0.698956154814928,False,#9A381D
387,AUS,Australia,2013,68158.57974,1.709,1.9076082381123676,True,#9A381D
388,AUT,Austria,2013,50731.12725,1.353,0.8997277640531232,True,#505693
389,AZE,Azerbaijan,2013,7875.756953,1.815,0.0244061737307071,False,#9A381D
390,BDI,Burundi,2013,241.5476708,,0.2540583758297115,False,#9A381D
391,BEL,Belgium,2013,46757.95186,0.6990000000000001,3.0842750967216466,True,#46725D
392,BFA,Burkina Faso,2013,762.3038171,1.1800000000000002,0.0,False,#505693
393,BGD,Bangladesh,2013,973.7733926,0.517,0.0363242616374427,False,#505693
394,BGR,Bulgaria,2013,7681.93462,1.712,1.8907337393699093,True,#9A381D
395,BHR,Bahrain,2013,25790.73031,1.524,0.0585213549818755,False,#9A381D
396,BHS,"Bahamas, The",2013,27389.60197,0.927,1.865102469058703,False,#505693
397,BLR,Belarus,2013,7998.125239,1.419,0.109387592004336,False,#505693
398,BOL,Bolivia,2013,2853.797162,0.669,0.0,False,#505693
399,BRA,Brazil,2013,12258.50317,1.171,0.0,True,#505693
400,BTN,Bhutan,2013,2409.441856,0.917,0.0622739630206761,False,#505693
401,BWA,Botswana,2013,6436.60945,1.321,0.0,False,#505693
402,CAN,Canada,2013,52635.17496,1.453,1.1893303025316897,True,#505693
403,CHE,Switzerland,2013,87304.33058,1.0030000000000001,1.1944673094876375,False,#505693
404,CHL,Chile,2013,15833.2752,0.673,0.1654635133114814,False,#505693
405,CHN,China,2013,7020.338485,1.3,0.578905130550577,True,#505693
406,CHN,"Hong Kong SAR, China",2013,38403.77771,1.3,0.578905130550577,False,#505693
407,CHN,"Macao SAR, China",2013,86852.98784,1.3,0.578905130550577,False,#505693
408,COG,"Congo, Rep.",2013,3719.651217,1.138,0.0,False,#505693
409,COL,Colombia,2013,8264.126896,0.943,0.8990655278794231,False,#505693
410,CPV,Cabo Verde,2013,3427.177172,1.934,1.5921293663984502,False,#9A381D
411,CRI,Costa Rica,2013,10633.26725,,0.122687206928429,False,#9A381D
412,CYP,Cyprus,2013,27799.11914,1.471,0.48905807168657967,True,#505693
413,CZE,Czechia,2013,20133.16914,1.02,2.0082016775566176,False,#46725D
414,DEU,Germany,2013,46298.92292,0.821,1.16342682341224,True,#505693
415,DNK,Denmark,2013,61191.1937,0.651,0.9462205332809591,True,#505693
416,DOM,Dominican Republic,2013,6171.29557,1.309,0.0,False,#505693
417,DZA,Algeria,2013,5519.777576,1.423,0.0,False,#505693
418,EGY,"Egypt, Arab Rep.",2013,3088.890834,1.2309999999999999,0.103063158460546,False,#505693
419,ESP,Spain,2013,29077.18206,1.068,1.711376902782188,True,#505693
420,EST,Estonia,2013,19056.00192,1.407,1.332044474104189,True,#505693
421,ETH,Ethiopia,2013,490.791804,1.494,0.0,False,#505693
422,FIN,Finland,2013,49892.22336,1.664,0.5109606942017704,True,#9A381D
423,FJI,Fiji,2013,4586.897921,1.2149999999999999,0.0,False,#505693
424,FRA,France,2013,42602.71797,0.888,2.045259067565536,True,#46725D
425,FSM,"Micronesia, Fed. Sts.",2013,2920.700863,0.928,0.31169565534515,False,#505693
426,GBR,United Kingdom,2013,43449.09172,0.623,1.5392980528732876,True,#505693
427,GEO,Georgia,2013,4623.745725,1.638,1.073687530633352,False,#9A381D
428,GNQ,Equatorial Guinea,2013,17644.59516,1.0070000000000001,0.0,False,#505693
429,GRC,Greece,2013,21787.78776,1.55,3.4050418670942424,True,#A46D13
430,GTM,Guatemala,2013,3522.773706,0.983,0.0,False,#505693
431,HND,Honduras,2013,2064.548406,1.167,0.0,False,#505693
432,HRV,Croatia,2013,13871.3299,1.532,1.317456000048194,True,#9A381D
433,HUN,Hungary,2013,13715.07036,1.43,1.8172706540441828,True,#505693
434,IDN,Indonesia,2013,3602.885517,0.984,0.268334804434968,True,#505693
435,IRL,Ireland,2013,51546.35476,0.834,1.1604845856720054,True,#505693
436,IRN,"Iran, Islamic Rep.",2013,6280.681858,1.783,0.0,False,#9A381D
437,ISL,Iceland,2013,49804.983,1.026,1.0248493506209204,False,#505693
438,ISR,Israel,2013,36941.84236,1.436,1.1563606739870265,False,#505693
439,ITA,Italy,2013,35560.08141,1.196,1.8474035033328164,True,#505693
440,JAM,Jamaica,2013,5143.721312,1.004,0.139571648828012,False,#505693
441,JOR,Jordan,2013,4477.618326,1.31,0.263258450511791,False,#505693
442,JPN,Japan,2013,40898.6479,0.833,2.205914441618506,True,#46725D
443,KAZ,Kazakhstan,2013,13890.63096,1.864,0.1273323377318778,False,#9A381D
444,KEN,Kenya,2013,1376.828869,1.0550000000000002,0.999662387715465,False,#505693
445,KGZ,Kyrgyz Republic,2013,1282.437162,1.633,0.0,False,#9A381D
446,KHM,Cambodia,2013,1015.220881,1.264,0.0,False,#505693
447,KIR,Kiribati,2013,1628.710205,1.304,1.49694846172702,False,#505693
448,KOR,"Korea, Rep.",2013,27182.73431,0.772,0.0,False,#505693
449,KWT,Kuwait,2013,47760.94413,1.465,0.0,False,#505693
450,LBN,Lebanon,2013,8255.209211,1.525,0.0066180836020136,False,#9A381D
451,LBR,Liberia,2013,717.6357533,1.204,0.285271059242494,False,#505693
452,LTU,Lithuania,2013,15729.65247,1.1760000000000002,1.0675064783844554,True,#505693
453,LUX,Luxembourg,2013,120000.1407,0.803,1.6710502263465203,True,#505693
454,LVA,Latvia,2013,15007.49186,1.296,1.3210869676835315,True,#505693
455,MDA,Moldova,2013,3321.043917,1.575,0.6537113977928463,False,#9A381D
456,MDG,Madagascar,2013,526.6880118,0.879,0.0,False,#505693
457,MDV,Maldives,2013,8222.563389,0.853,0.0,False,#505693
458,MHL,Marshall Islands,2013,3611.699642,0.911,4.555996506883864,False,#46725D
459,MKD,North Macedonia,2013,5241.058345,1.732,0.0,False,#9A381D
460,MLT,Malta,2013,24770.93408,1.578,2.7370538414431893,True,#A46D13
461,MMR,Myanmar,2013,1195.9378,1.19,0.0448216792165481,False,#505693
462,MNG,Mongolia,2013,4422.300876,1.277,0.0,False,#505693
463,MUS,Mauritius,2013,9766.756465,0.938,0.550944287950762,False,#505693
464,MYS,Malaysia,2013,10727.69966,1.251,0.0,False,#505693
465,NAM,Namibia,2013,5463.017361,1.626,1.08649785688909,False,#9A381D
466,NIC,Nicaragua,2013,1794.786575,1.482,0.0,False,#505693
467,NLD,Netherlands,2013,52198.89756,0.6639999999999999,3.0699675833468367,True,#46725D
468,NOR,Norway,2013,102913.4508,1.065,1.6015113192655446,False,#505693
469,NPL,Nepal,2013,809.3846006,0.531,0.0318599318124924,False,#505693
470,NRU,Nauru,2013,9210.009692,,0.0,False,#9A381D
471,NZL,New Zealand,2013,42976.64959,1.182,1.07974389334737,False,#505693
472,OMN,Oman,2013,23563.9406,0.908,0.0958042400029274,False,#505693
473,PAN,Panama,2013,11932.28622,1.162,0.0,False,#505693
474,PHL,Philippines,2013,2847.566937,1.1640000000000001,0.0,False,#505693
475,PLW,Palau,2013,12418.82617,1.157,6.187254833399901,False,#46725D
476,PNG,Papua New Guinea,2013,2578.510135,1.041,0.0,False,#505693
477,POL,Poland,2013,13558.41406,0.872,1.2549887689126284,True,#505693
478,PRT,Portugal,2013,21653.19598,1.155,1.3259719060626205,True,#505693
479,PSE,West Bank and Gaza,2013,3315.297539,1.444,0.0,False,#505693
480,QAT,Qatar,2013,97630.82552,1.436,0.0,False,#505693
481,ROU,Romania,2013,9497.25499,1.616,1.6137511224978662,True,#9A381D
482,RUS,Russia,2013,15974.64453,1.41,0.0637111105326112,True,#505693
483,SEN,Senegal,2013,1391.532257,1.422,0.0,False,#505693
484,SGP,Singapore,2013,56967.42579,,0.0,False,#9A381D
485,SLB,Solomon Islands,2013,2208.095867,0.84,0.791996674253644,False,#505693
486,SLV,El Salvador,2013,3555.1621,1.042,0.134600702015418,False,#505693
487,SMR,San Marino,2013,50438.39002,1.1680000000000001,0.0,False,#505693
488,SOM,Somalia,2013,356.1179025,1.502,0.0,False,#9A381D
489,SRB,Serbia,2013,6755.073675,1.7,0.0,False,#9A381D
490,SVK,Slovak Republic,2013,18276.00955,1.198,1.7577687723224178,False,#505693
491,SVN,Slovenia,2013,23503.28249,1.52,1.4890465897120782,True,#9A381D
492,SWE,Sweden,2013,61126.9432,1.113,0.9423254054560282,True,#505693
493,SYC,Seychelles,2013,14764.93927,0.835,1.26029584596995,False,#505693
494,THA,Thailand,2013,6041.12746,1.411,0.049441700491531,False,#505693
495,TLS,Timor-Leste,2013,1201.423581,0.805,0.0,False,#505693
496,TTO,Trinidad and Tobago,2013,19821.52865,1.034,2.12249615037197,False,#46725D
497,TUN,Tunisia,2013,4308.22693,1.794,0.0,False,#9A381D
498,TZA,Tanzania,2013,955.2189331,1.113,0.0,False,#505693
499,UGA,Uganda,2013,819.7578809,1.014,0.0747512323744276,False,#505693
500,UKR,Ukraine,2013,4187.739746,1.751,0.381804060952854,False,#9A381D
501,URY,Uruguay,2013,17015.13476,0.45,0.0,False,#505693
502,USA,United States,2013,53291.12769,0.863,0.172770123,True,#505693
503,UZB,Uzbekistan,2013,2419.718703,1.787,0.0142836304028982,False,#9A381D
504,WSM,Samoa,2013,3989.860174,1.048,1.03413876326765,False,#505693
506,ZAF,South Africa,2013,7441.230854,0.897,0.6043948565959786,True,#505693
507,ZMB,Zambia,2013,1840.320553,0.996,0.0087478684423916,False,#505693
508,AFG,Afghanistan,2014,628.1468039,0.7070000000000001,0.186381298755426,False,#505693
509,AGO,Angola,2014,5059.080441,1.129,0.517608516863088,False,#505693
510,ALB,Albania,2014,4578.633208,1.572,0.13139645553943788,False,#9A381D
511,ARE,United Arab Emirates,2014,46865.9646,1.185,0.45002197802733,False,#505693
512,ARG,Argentina,2014,12334.79825,1.201,0.0567645979732737,True,#505693
513,ARM,Armenia,2014,4017.229808,1.508,0.0,False,#9A381D
514,AUS,Australia,2014,62513.41122,1.416,1.8958367528964333,True,#505693
515,AUT,Austria,2014,51786.37717,2.677,0.9091326598150176,True,#9A381D
516,AZE,Azerbaijan,2014,7891.313147,1.492,0.0254176544249595,False,#505693
517,BDI,Burundi,2014,257.8185519,,0.0,False,#9A381D
518,BEL,Belgium,2014,47764.07151,2.649,2.7258538376790318,True,#A46D13
519,BFA,Burkina Faso,2014,767.3713907,1.2309999999999999,0.0,False,#505693
520,BGD,Bangladesh,2014,1108.5151,0.732,0.0173464642922422,False,#505693
521,BGR,Bulgaria,2014,7901.785876,1.457,1.376764722708626,True,#505693
522,BHR,Bahrain,2014,25464.7601,1.92,0.158597902142466,False,#9A381D
523,BHS,"Bahamas, The",2014,28720.66219,1.244,1.8702642006551708,False,#505693
524,BLR,Belarus,2014,8341.399679,2.387,0.23229476067479798,False,#9A381D
525,BOL,Bolivia,2014,3022.462884,1.061,0.0,False,#505693
526,BRA,Brazil,2014,12071.15821,1.407,0.0,True,#505693
527,BTN,Bhutan,2014,2589.899754,1.008,0.0609733620523323,False,#505693
528,BWA,Botswana,2014,6844.020288,0.45699999999999996,0.0,False,#505693
529,CAN,Canada,2014,50955.99832,0.548,1.1734935821280077,True,#505693
530,CHE,Switzerland,2014,88724.99094,2.378,1.1448920273483005,False,#9A381D
531,CHL,Chile,2014,14666.34353,0.7170000000000001,0.1774708768765829,False,#505693
532,CHN,China,2014,7636.116601,1.294,0.585014079370904,True,#505693
533,CHN,"Hong Kong SAR, China",2014,40315.28556,1.294,0.585014079370904,False,#505693
534,CHN,"Macao SAR, China",2014,90873.93244,1.294,0.585014079370904,False,#505693
535,COG,"Congo, Rep.",2014,3622.530293,1.0859999999999999,0.0,False,#505693
536,COL,Colombia,2014,8164.714495,0.94,0.8926315665294264,False,#505693
537,CPV,Cabo Verde,2014,3405.933447,1.687,2.036125850970166,False,#A46D13
538,CRI,Costa Rica,2014,10737.67888,,0.137863392885619,False,#9A381D
539,CYP,Cyprus,2014,27245.36523,1.316,0.5252378056476684,True,#505693
540,CZE,Czechia,2014,19890.91991,2.744,2.1237682838882765,False,#A46D13
541,DEU,Germany,2014,48023.86998,2.756,1.1389512302599902,True,#9A381D
542,DNK,Denmark,2014,62548.98473,2.931,0.9283931424187291,True,#9A381D
543,DOM,Dominican Republic,2014,6533.66686,1.289,0.08174774811892101,False,#505693
544,DZA,Algeria,2014,5516.230604,1.926,0.0,False,#9A381D
545,EGY,"Egypt, Arab Rep.",2014,3196.861381,1.427,0.106284647887324,False,#505693
546,ESP,Spain,2014,29513.65118,1.767,1.7919737094514596,True,#9A381D
547,EST,Estonia,2014,20261.06673,2.653,1.3657065985376269,True,#9A381D
548,ETH,Ethiopia,2014,557.5341484,1.451,0.0033234869390374,False,#505693
549,FIN,Finland,2014,50327.24029,2.834,0.503632242130142,True,#9A381D
550,FJI,Fiji,2014,5305.190923,1.0030000000000001,0.0,False,#505693
551,FRA,France,2014,43068.54872,2.215,2.0462701737166618,True,#A46D13
552,FSM,"Micronesia, Fed. Sts.",2014,2928.448782,0.765,0.415730369500158,False,#505693
553,GBR,United Kingdom,2014,47447.58893,1.989,1.5945318154828843,True,#9A381D
554,GEO,Georgia,2014,4739.188338,1.497,1.2382689301903622,False,#505693
555,GNQ,Equatorial Guinea,2014,16804.92595,1.073,0.0,False,#505693
556,GRC,Greece,2014,21616.71001,1.278,2.9557539089591756,True,#46725D
557,GTM,Guatemala,2014,3779.642336,0.99,0.5489184662518615,False,#505693
558,HND,Honduras,2014,2164.420219,0.913,0.0,False,#505693
559,HRV,Croatia,2014,13784.47836,2.294,1.220285520259564,True,#9A381D
560,HUN,Hungary,2014,14294.25842,2.482,2.3168587013362396,True,#A46D13
561,IDN,Indonesia,2014,3476.624853,0.999,0.225889457546246,True,#505693
562,IRL,Ireland,2014,55643.05943,1.674,1.1583115310823144,True,#9A381D
563,IRN,"Iran, Islamic Rep.",2014,5757.543337,1.2029999999999998,0.0,False,#505693
564,ISL,Iceland,2014,54576.74481,1.987,1.2327447099768132,False,#9A381D
565,ISR,Israel,2014,38259.6811,1.196,1.1419545860935276,False,#505693
566,ITA,Italy,2014,35565.72138,1.823,1.7995509418055478,True,#9A381D
567,JAM,Jamaica,2014,4991.565519,1.2229999999999999,0.2756107225940935,False,#505693
568,JOR,Jordan,2014,4255.89431,1.135,0.155570175135501,False,#505693
569,JPN,Japan,2014,38475.39525,0.766,2.318011314715509,True,#46725D
570,KAZ,Kazakhstan,2014,12807.26069,0.919,0.1017051879791802,False,#505693
571,KEN,Kenya,2014,1489.919111,1.15,0.0,False,#505693
572,KGZ,Kyrgyz Republic,2014,1279.769783,0.745,0.3323635991554648,False,#505693
573,KHM,Cambodia,2014,1098.074538,0.873,0.0,False,#505693
574,KIR,Kiribati,2014,1546.830177,1.444,1.56999807386526,False,#505693
575,KOR,"Korea, Rep.",2014,29249.57522,1.277,0.0,False,#505693
576,KWT,Kuwait,2014,43234.82142,1.604,0.0,False,#9A381D
577,LBN,Lebanon,2014,7665.379692,1.322,0.0351262110500131,False,#505693
578,LBR,Liberia,2014,713.7348824,1.1680000000000001,0.0,False,#505693
579,LTU,Lithuania,2014,16551.0182,2.446,1.2170480546071352,True,#9A381D
580,LUX,Luxembourg,2014,123678.7021,2.702,1.6231966666934277,True,#9A381D
581,LVA,Latvia,2014,15742.39134,2.534,1.35915676127448,True,#9A381D
582,MDA,Moldova,2014,3327.786775,1.649,0.867235410960324,False,#9A381D
583,MDG,Madagascar,2014,517.1361761,0.936,0.0,False,#505693
584,MDV,Maldives,2014,8872.124925,0.954,0.0,False,#505693
585,MHL,Marshall Islands,2014,3672.680934,0.97,4.906515093304016,False,#46725D
586,MKD,North Macedonia,2014,5495.735049,1.607,0.0,False,#9A381D
587,MLT,Malta,2014,26754.26233,1.722,2.9689743110097044,True,#A46D13
588,MMR,Myanmar,2014,1238.72871,1.049,0.0106727453021546,False,#505693
589,MNG,Mongolia,2014,4211.939454,2.117,0.0,False,#9A381D
590,MUS,Mauritius,2014,10368.61343,0.974,0.541547000219353,False,#505693
591,MYS,Malaysia,2014,11045.44513,1.278,0.0,False,#505693
592,NAM,Namibia,2014,5544.097423,1.289,0.875824567667097,False,#505693
593,NIC,Nicaragua,2014,1913.521348,1.018,0.0753144004539612,False,#505693
594,NLD,Netherlands,2014,52900.53742,2.798,2.846804455298116,True,#A46D13
595,NOR,Norway,2014,97019.18275,2.691,1.6637088347160962,False,#9A381D
596,NPL,Nepal,2014,827.744346,0.687,0.0896803729289149,False,#505693
597,NRU,Nauru,2014,9566.21254,,0.545959747130848,False,#9A381D
598,NZL,New Zealand,2014,44572.89875,0.725,1.03406562385839,False,#505693
599,OMN,Oman,2014,23121.20638,0.985,0.0,False,#505693
600,PAN,Panama,2014,12837.24796,0.953,0.6247027489158319,False,#505693
601,PHL,Philippines,2014,2935.925556,1.025,0.0,False,#505693
602,PLW,Palau,2014,13580.00674,1.213,6.770813564526872,False,#46725D
603,PNG,Papua New Guinea,2014,2742.233338,0.619,0.0,False,#505693
604,POL,Poland,2014,14182.1375,2.57,1.243007865271362,True,#9A381D
605,PRT,Portugal,2014,22103.70097,1.558,1.1909089490718778,True,#9A381D
606,PSE,West Bank and Gaza,2014,3352.112595,1.19,0.0,False,#505693
607,QAT,Qatar,2014,93126.14946,1.825,0.0,False,#9A381D
608,ROU,Romania,2014,10031.26727,1.798,1.5882541523201523,True,#9A381D
609,RUS,Russia,2014,14095.64844,1.999,0.1622636822052636,True,#9A381D
610,SEN,Senegal,2014,1417.095074,1.393,0.0,False,#505693
611,SGP,Singapore,2014,57562.53079,,0.0,False,#9A381D
612,SLB,Solomon Islands,2014,2235.747344,0.905,0.746019528369302,False,#505693
613,SLV,El Salvador,2014,3638.517658,1.044,0.3045128988654239,False,#505693
614,SMR,San Marino,2014,50135.48458,1.735,0.0,False,#9A381D
615,SOM,Somalia,2014,377.5573872,1.548,0.0,False,#9A381D
616,SRB,Serbia,2014,6600.056809,1.891,0.0,False,#9A381D
617,SVK,Slovak Republic,2014,18719.98814,2.565,1.6033685678997458,False,#9A381D
618,SVN,Slovenia,2014,24247.17332,2.724,1.9631903959696229,True,#9A381D
619,SWE,Sweden,2014,60020.36046,2.961,0.8852088671159831,True,#9A381D
620,SYC,Seychelles,2014,15188.22876,0.948,3.0326954896645546,False,#46725D
621,THA,Thailand,2014,5822.383699,0.994,0.0464292290632289,False,#505693
622,TLS,Timor-Leste,2014,1221.53427,0.895,0.0,False,#505693
623,TTO,Trinidad and Tobago,2014,20327.98346,0.954,2.2264762756007,False,#46725D
624,TUN,Tunisia,2014,4398.573922,2.13,0.0,False,#9A381D
625,TZA,Tanzania,2014,1012.766907,1.0550000000000002,0.0,False,#505693
626,UGA,Uganda,2014,897.5097424,1.049,0.2047641954886163,False,#505693
627,UKR,Ukraine,2014,3104.643311,1.941,0.438807371535337,False,#9A381D
628,URY,Uruguay,2014,16875.50619,1.462,0.0,False,#505693
629,USA,United States,2014,55123.84979,0.75,0.180619782,True,#505693
630,UZB,Uzbekistan,2014,2628.460008,0.443,0.0139429267473454,False,#505693
631,WSM,Samoa,2014,3948.801128,0.7090000000000001,1.14107733002012,False,#505693
633,ZAF,South Africa,2014,6965.137897,1.02,0.6390079194639825,True,#505693
634,ZMB,Zambia,2014,1724.57622,0.888,0.0064178825352674,False,#505693
635,AFG,Afghanistan,2015,592.4765375,1.351,0.0915235918662746,False,#505693
636,AGO,Angola,2015,3100.830685,1.68,0.3059679166509761,False,#9A381D
637,ALB,Albania,2015,3952.802538,1.915,0.19288492134872193,False,#9A381D
638,ARE,United Arab Emirates,2015,41525.1389,1.811,0.995957179677492,False,#9A381D
639,ARG,Argentina,2015,13789.06042,1.2029999999999998,0.0357458773818014,True,#505693
640,ARM,Armenia,2015,3666.141876,2.1710000000000003,0.0,False,#9A381D
641,AUS,Australia,2015,56710.44572,1.312,1.493006711703915,True,#505693
642,AUT,Austria,2015,44195.81759,2.433,0.811980620984793,True,#9A381D
643,AZE,Azerbaijan,2015,5500.310382,1.917,0.0161824200073555,False,#9A381D
644,BDI,Burundi,2015,289.3596333,,0.0,False,#9A381D
645,BEL,Belgium,2015,41008.29672,1.6,2.5299614592682564,True,#A46D13
646,BFA,Burkina Faso,2015,632.1266837,1.481,0.0,False,#505693
647,BGD,Bangladesh,2015,1236.00506,0.949,0.0156940001802346,False,#505693
648,BGR,Bulgaria,2015,7074.681023,1.708,1.5589485182282814,True,#9A381D
649,BHR,Bahrain,2015,22795.44886,2.462,0.0608991489536653,False,#9A381D
650,BHS,"Bahamas, The",2015,30206.24043,1.48,1.888228825699354,False,#505693
651,BLR,Belarus,2015,5967.052204,2.461,0.17704164737974631,False,#9A381D
652,BOL,Bolivia,2015,2975.648811,1.536,0.0,False,#9A381D
653,BRA,Brazil,2015,8783.225984,1.837,1.0284381039494388,True,#9A381D
654,BTN,Bhutan,2015,2695.638773,1.13,0.076499285182304,False,#505693
655,BWA,Botswana,2015,5869.732943,2.199,0.0,False,#9A381D
656,CAN,Canada,2015,43596.13554,1.472,1.3773832030188289,True,#505693
657,CHE,Switzerland,2015,83806.4476,2.175,1.1612753857702605,False,#9A381D
658,CHL,Chile,2015,13569.9478,0.97,0.1706326922467975,False,#505693
659,CHN,China,2015,8016.431435,1.529,0.711802477964499,True,#9A381D
660,CHN,"Hong Kong SAR, China",2015,42431.88828,1.529,0.711802477964499,False,#9A381D
661,CHN,"Macao SAR, China",2015,73220.26876,1.529,0.711802477964499,False,#9A381D
662,COG,"Congo, Rep.",2015,2347.818499,1.458,0.0,False,#505693
663,COL,Colombia,2015,6228.426299,1.381,1.1787862933892719,False,#505693
664,CPV,Cabo Verde,2015,2891.884482,1.674,2.685407142965682,False,#A46D13
665,CRI,Costa Rica,2015,11529.95453,,0.2681895081559295,False,#9A381D
666,CYP,Cyprus,2015,23487.125,1.434,0.7023115892595534,True,#505693
667,CZE,Czechia,2015,17829.69832,2.362,2.218715962241359,False,#A46D13
668,DEU,Germany,2015,41103.25644,1.908,1.1100463290352858,True,#9A381D
669,DNK,Denmark,2015,53254.85637,1.773,0.8461192443757379,True,#9A381D
670,DOM,Dominican Republic,2015,6838.936594,1.599,0.0710648918806608,False,#9A381D
671,DZA,Algeria,2015,4197.421361,1.351,0.0,False,#505693
672,EGY,"Egypt, Arab Rep.",2015,3370.382447,1.374,0.0982712058594869,False,#505693
673,ESP,Spain,2015,25754.36103,1.682,1.6867268627214438,True,#9A381D
674,EST,Estonia,2015,17402.03761,2.594,1.4497340700108627,True,#9A381D
675,ETH,Ethiopia,2015,630.3126821,1.712,0.0097503780936666,False,#9A381D
676,FIN,Finland,2015,42801.90812,2.855,0.4721243229178983,True,#9A381D
677,FJI,Fiji,2015,5105.262627,0.882,0.0,False,#505693
678,FRA,France,2015,36652.92231,1.763,2.0089773074627764,True,#A46D13
679,FSM,"Micronesia, Fed. Sts.",2015,2891.322103,0.795,1.09454458599334,False,#505693
680,GBR,United Kingdom,2015,45071.07432,0.879,1.5362657941352162,True,#505693
681,GEO,Georgia,2015,4014.185944,2.0069999999999997,1.0803000785554493,False,#9A381D
682,GNQ,Equatorial Guinea,2015,9788.983771,1.0510000000000002,0.0846102628385469,False,#505693
683,GRC,Greece,2015,18083.87791,1.139,2.9504287093293975,True,#46725D
684,GTM,Guatemala,2015,3994.636913,1.512,0.5782021512745917,False,#9A381D
685,HND,Honduras,2015,2257.222712,1.376,0.0,False,#505693
686,HRV,Croatia,2015,11952.31118,2.183,1.3267112600173128,True,#9A381D
687,HUN,Hungary,2015,12717.0386,2.342,2.3804291990056603,True,#A46D13
688,IDN,Indonesia,2015,3322.581688,1.024,0.2976969153064646,True,#505693
689,IRL,Ireland,2015,62053.98444,0.76,0.9079603958889041,True,#505693
690,IRN,"Iran, Islamic Rep.",2015,4990.936798,1.978,0.0,False,#9A381D
691,ISL,Iceland,2015,52951.68151,0.744,1.109017256890256,False,#505693
692,ISR,Israel,2015,36206.52222,1.662,1.137063466866654,False,#9A381D
693,ITA,Italy,2015,30242.38614,1.897,1.8045676003032574,True,#9A381D
694,JAM,Jamaica,2015,5077.550622,1.32,0.2520121686328121,False,#505693
695,JOR,Jordan,2015,4064.253016,1.795,0.31974557315656427,False,#9A381D
696,JPN,Japan,2015,34960.63938,1.0390000000000001,2.264733920249765,True,#46725D
697,KAZ,Kazakhstan,2015,10510.77189,1.855,0.0880063683311838,False,#9A381D
698,KEN,Kenya,2015,1496.652856,1.263,0.0,False,#505693
699,KGZ,Kyrgyz Republic,2015,1121.082835,1.732,0.3763623448103484,False,#9A381D
700,KHM,Cambodia,2015,1170.742816,1.358,0.0,False,#505693
701,KIR,Kiribati,2015,1459.133021,1.579,1.60456730106465,False,#9A381D
702,KOR,"Korea, Rep.",2015,28732.23108,1.2029999999999998,0.0,False,#505693
703,KWT,Kuwait,2015,29310.52211,2.242,0.0,False,#9A381D
704,LBN,Lebanon,2015,7802.751368,1.698,0.0313976640962451,False,#9A381D
705,LBR,Liberia,2015,699.6629469,1.588,0.0,False,#9A381D
706,LTU,Lithuania,2015,14263.96458,2.313,1.2292713752855078,True,#9A381D
707,LUX,Luxembourg,2015,105462.0126,1.748,1.6227670039968736,True,#9A381D
708,LVA,Latvia,2015,13786.4568,2.376,1.317746051260872,True,#9A381D
709,MDA,Moldova,2015,2731.065584,2.193,0.6174802804073257,False,#9A381D
710,MDG,Madagascar,2015,455.6380397,1.226,0.0,False,#505693
711,MDV,Maldives,2015,9434.331078,1.108,0.0,False,#505693
712,MHL,Marshall Islands,2015,3703.649059,0.867,5.323779917475864,False,#46725D
713,MKD,North Macedonia,2015,4861.553971,1.79,0.0,False,#9A381D
714,MLT,Malta,2015,24921.579,1.705,3.6972563973547246,True,#A46D13
715,MMR,Myanmar,2015,1224.562343,1.365,0.0117008673219356,False,#505693
716,MNG,Mongolia,2015,3919.351148,2.379,0.0,False,#9A381D
717,MUS,Mauritius,2015,9509.934655,1.308,0.280951370235647,False,#505693
718,MYS,Malaysia,2015,9699.584021,1.468,0.0,False,#505693
719,NAM,Namibia,2015,4965.68086,1.956,0.746162364370834,False,#9A381D
720,NIC,Nicaragua,2015,2025.324776,1.234,0.0689965436744343,False,#505693
721,NLD,Netherlands,2015,45193.40322,1.519,2.70141795457444,True,#A46D13
722,NOR,Norway,2015,74355.51586,2.068,1.7721318810170337,False,#9A381D
723,NPL,Nepal,2015,882.3074488,0.927,0.311203254573551,False,#505693
724,NRU,Nauru,2015,7736.223636,,0.700061352501886,False,#9A381D
725,NZL,New Zealand,2015,38630.72659,0.747,2.005328198480364,False,#46725D
726,OMN,Oman,2015,18777.43306,1.667,0.0,False,#9A381D
727,PAN,Panama,2015,13669.55944,1.259,0.961947196761352,False,#505693
728,PHL,Philippines,2015,2974.299531,1.214,0.07740453906183921,False,#505693
729,PLW,Palau,2015,15761.36338,1.476,5.313257721094837,False,#46725D
730,PNG,Papua New Guinea,2015,2502.084291,0.484,0.0,False,#505693
731,POL,Poland,2015,12560.05142,2.2199999999999998,1.2017430786234797,True,#9A381D
732,PRT,Portugal,2015,19250.10654,1.612,1.2069174662740414,True,#9A381D
733,PSE,West Bank and Gaza,2015,3272.154324,1.658,0.0061426727235626,False,#9A381D
734,QAT,Qatar,2015,66984.9102,2.255,0.0,False,#9A381D
735,ROU,Romania,2015,8976.880535,2.048,1.9174078796241036,True,#9A381D
736,RUS,Russia,2015,9313.013672,2.491,0.0968622290354974,True,#9A381D
737,SEN,Senegal,2015,1238.126396,1.517,0.0,False,#9A381D
738,SGP,Singapore,2015,55646.61875,,0.227349961895797,False,#9A381D
739,SLB,Solomon Islands,2015,2134.802451,0.6930000000000001,1.0015508325237983,False,#505693
740,SLV,El Salvador,2015,3761.51368,1.666,0.2909774795377123,False,#9A381D
741,SMR,San Marino,2015,42281.64347,1.978,0.0,False,#9A381D
742,SOM,Somalia,2015,387.6079944,1.866,0.0,False,#9A381D
743,SRB,Serbia,2015,5588.980728,2.04,0.0,False,#9A381D
744,SVK,Slovak Republic,2015,16390.88217,2.349,1.8563100807846793,False,#9A381D
745,SVN,Slovenia,2015,20890.16643,2.421,2.0789601698732394,True,#A46D13
746,SWE,Sweden,2015,51545.48361,2.331,0.8499062310026826,True,#9A381D
747,SYC,Seychelles,2015,15157.53029,1.238,2.8792423212406772,False,#46725D
748,THA,Thailand,2015,5708.796925,1.519,0.0611471695288498,False,#9A381D
749,TLS,Timor-Leste,2015,1322.300913,1.08,0.0,False,#505693
750,TTO,Trinidad and Tobago,2015,18389.53103,1.229,2.16586086624383,False,#46725D
751,TUN,Tunisia,2015,3960.97533,1.454,0.0,False,#505693
752,TZA,Tanzania,2015,928.8064575,1.188,0.0,False,#505693
753,UGA,Uganda,2015,864.1800623,1.0779999999999998,0.2991797162712737,False,#505693
754,UKR,Ukraine,2015,2124.662354,2.297,0.5561556596182936,False,#9A381D
755,URY,Uruguay,2015,15655.937,1.327,0.0405506540460437,False,#505693
756,USA,United States,2015,56762.72945,1.775,0.205426557,True,#9A381D
757,UZB,Uzbekistan,2015,2753.971072,1.672,0.0123109753781324,False,#9A381D
758,WSM,Samoa,2015,4048.513876,0.548,1.00900591710768,False,#505693
760,ZAF,South Africa,2015,6204.929901,1.431,0.5946582620697939,True,#505693
761,ZMB,Zambia,2015,1307.909649,1.736,0.0068062819284328,False,#9A381D
762,AFG,Afghanistan,2016,520.252064,1.857,0.2583179510568933,False,#9A381D
763,AGO,Angola,2016,1709.515534,2.097,0.0230395232945632,False,#9A381D
764,ALB,Albania,2016,4124.05539,1.851,0.3706429769117252,False,#9A381D
765,ARE,United Arab Emirates,2016,41054.53957,1.33,0.709088953247593,False,#505693
766,ARG,Argentina,2016,12790.24247,0.742,0.0668229628580792,True,#505693
767,ARM,Armenia,2016,3679.951972,1.589,0.0,False,#9A381D
768,AUS,Australia,2016,49875.56514,1.395,1.53763275990805,True,#505693
769,AUT,Austria,2016,45307.58786,2.361,0.754135813516476,True,#9A381D
770,AZE,Azerbaijan,2016,3880.738731,1.705,0.07877508059551311,False,#9A381D
771,BDI,Burundi,2016,242.0656705,,0.0,False,#9A381D
772,BEL,Belgium,2016,42012.62272,2.1109999999999998,2.3524187079298233,True,#A46D13
773,BFA,Burkina Faso,2016,665.7863455,1.434,0.0,False,#505693
774,BGD,Bangladesh,2016,1659.961605,1.523,0.016331347930019,False,#9A381D
775,BGR,Bulgaria,2016,7569.478815,2.182,1.322599807275451,True,#9A381D
776,BHR,Bahrain,2016,22867.18112,1.739,0.050535752927927,False,#9A381D
777,BHS,"Bahamas, The",2016,29887.16488,1.414,1.3877955239971498,False,#505693
778,BLR,Belarus,2016,5039.681886,2.418,0.1834072818039157,False,#9A381D
779,BOL,Bolivia,2016,3013.502708,0.764,0.0,False,#505693
780,BRA,Brazil,2016,8680.768792,1.727,1.0033321562748094,True,#9A381D
781,BTN,Bhutan,2016,2879.547121,1.562,0.107399954295564,False,#9A381D
782,BWA,Botswana,2016,6411.527159,2.0869999999999997,0.0,False,#9A381D
783,CAN,Canada,2016,42315.60371,2.626,1.4513696381449839,True,#9A381D
784,CHE,Switzerland,2016,82153.07454,2.056,1.1776563093280663,False,#9A381D
785,CHL,Chile,2016,13785.68833,1.129,0.17836724621471012,False,#505693
786,CHN,China,2016,8094.363367,1.555,0.666176323506804,True,#9A381D
787,CHN,"Hong Kong SAR, China",2016,43733.91636,1.555,0.666176323506804,False,#9A381D
788,CHN,"Macao SAR, China",2016,71918.73108,1.555,0.666176323506804,False,#9A381D
789,COG,"Congo, Rep.",2016,1970.250249,1.834,0.0,False,#9A381D
790,COL,Colombia,2016,5938.463856,1.221,1.0116249238812576,False,#505693
791,CPV,Cabo Verde,2016,2978.19942,2.267,2.3102444619598232,False,#A46D13
792,CRI,Costa Rica,2016,11899.81326,,0.2919738628924061,False,#9A381D
793,CYP,Cyprus,2016,24715.73047,1.811,0.4891887180191553,True,#9A381D
794,CZE,Czechia,2016,18575.23203,2.317,1.4984761948044072,False,#9A381D
795,DEU,Germany,2016,42136.12079,2.221,1.1119263479586818,True,#9A381D
796,DNK,Denmark,2016,54663.99837,2.106,0.8064298045980444,True,#9A381D
797,DOM,Dominican Republic,2016,7191.076572,1.647,0.0839007494135433,False,#9A381D
798,DZA,Algeria,2016,3967.199451,1.986,0.0,False,#9A381D
799,EGY,"Egypt, Arab Rep.",2016,3331.612461,1.757,0.0,False,#9A381D
800,ESP,Spain,2016,26537.15949,1.892,1.6697191697191702,True,#9A381D
801,EST,Estonia,2016,18295.34293,2.145,1.184482179888633,True,#9A381D
802,ETH,Ethiopia,2016,705.616305,1.815,0.0258783085439758,False,#9A381D
803,FIN,Finland,2016,43814.02651,2.392,0.453295819196572,True,#9A381D
804,FJI,Fiji,2016,5368.42324,1.359,0.0,False,#505693
805,FRA,France,2016,37062.53357,1.939,1.8899982946374179,True,#9A381D
806,FSM,"Micronesia, Fed. Sts.",2016,3022.653627,1.17,0.398878539518132,False,#505693
807,GBR,United Kingdom,2016,41146.07736,1.425,1.4405163445298559,True,#505693
808,GEO,Georgia,2016,4062.169888,1.603,1.1022429975965566,False,#9A381D
809,GNQ,Equatorial Guinea,2016,8035.30787,1.621,0.09762486508170981,False,#9A381D
810,GRC,Greece,2016,17923.96681,1.834,3.0200244494567765,True,#A46D13
811,GTM,Guatemala,2016,4173.301666,1.676,0.5606153453256003,False,#9A381D
812,HND,Honduras,2016,2295.538079,1.64,0.0,False,#9A381D
813,HRV,Croatia,2016,12552.25538,2.093,1.336612860514978,True,#9A381D
814,HUN,Hungary,2016,13104.69955,2.173,0.9919470967446897,True,#9A381D
815,IDN,Indonesia,2016,3558.818852,1.698,0.257812175327581,True,#9A381D
816,IRL,Ireland,2016,62895.91112,1.348,0.9065963607817578,True,#505693
817,IRN,"Iran, Islamic Rep.",2016,5497.243227,1.781,0.0,False,#9A381D
818,ISL,Iceland,2016,61987.92636,1.735,1.1059344879759219,False,#9A381D
819,ISR,Israel,2016,37690.47395,1.951,1.1039769151574677,False,#9A381D
820,ITA,Italy,2016,30960.73151,1.899,1.8078921468321203,True,#9A381D
821,JAM,Jamaica,2016,5022.704717,1.507,0.0,False,#9A381D
822,JOR,Jordan,2016,4003.404749,2.0220000000000002,0.09320812412529711,False,#9A381D
823,JPN,Japan,2016,39375.47316,1.524,2.3144965708644545,True,#A46D13
824,KAZ,Kazakhstan,2016,7714.841844,2.49,0.345657765154568,False,#9A381D
825,KEN,Kenya,2016,1562.076142,1.381,0.0,False,#505693
826,KGZ,Kyrgyz Republic,2016,1120.666513,2.127,0.392374045622038,False,#9A381D
827,KHM,Cambodia,2016,1281.105964,1.734,0.0,False,#9A381D
828,KIR,Kiribati,2016,1506.246679,1.906,1.53149974988328,False,#9A381D
829,KOR,"Korea, Rep.",2016,29288.87044,1.859,0.0,False,#9A381D
830,KWT,Kuwait,2016,27029.99778,1.73,0.0,False,#9A381D
831,LBN,Lebanon,2016,8172.299476,1.992,0.0329422091417212,False,#9A381D
832,LBR,Liberia,2016,722.1312268,1.79,0.0,False,#9A381D
833,LTU,Lithuania,2016,15008.31324,2.1630000000000003,1.0636977724293457,True,#9A381D
834,LUX,Luxembourg,2016,106899.2935,2.099,1.457039907267001,True,#9A381D
835,LVA,Latvia,2016,14331.75159,2.1550000000000002,1.0619360990569386,True,#9A381D
836,MDA,Moldova,2016,2879.391291,2.273,0.2146571754677502,False,#9A381D
837,MDG,Madagascar,2016,464.6161535,1.171,0.0,False,#505693
838,MDV,Maldives,2016,9640.324009,1.1680000000000001,0.0,False,#505693
839,MHL,Marshall Islands,2016,4153.117176,1.1760000000000002,5.310210926901014,False,#46725D
840,MKD,North Macedonia,2016,5149.589074,1.989,0.9216852720968944,False,#9A381D
841,MLT,Malta,2016,25624.46364,1.971,1.9462653118876605,True,#9A381D
842,MMR,Myanmar,2016,1161.861778,1.589,0.0559143003693391,False,#9A381D
843,MNG,Mongolia,2016,3690.756716,1.642,0.3578850508091217,False,#9A381D
844,MUS,Mauritius,2016,9967.881736,1.221,0.611979115154164,False,#505693
845,MYS,Malaysia,2016,9555.651202,1.911,0.0,False,#9A381D
846,NAM,Namibia,2016,4614.881721,2.301,0.627423052325048,False,#9A381D
847,NIC,Nicaragua,2016,2079.448266,1.53,0.0640879731078506,False,#9A381D
848,NLD,Netherlands,2016,46039.10593,2.1639999999999997,2.774667989953937,True,#A46D13
849,NOR,Norway,2016,70460.56053,1.995,1.864597817793081,False,#9A381D
850,NPL,Nepal,2016,880.2244881,1.44,0.450252048812864,False,#505693
851,NRU,Nauru,2016,8719.366526,,0.406770010108352,False,#9A381D
852,NZL,New Zealand,2016,40058.19616,1.38,1.851777594099603,False,#505693
853,OMN,Oman,2016,17082.2062,1.368,0.0,False,#505693
854,PAN,Panama,2016,14382.23238,1.167,0.7014601314582708,False,#505693
855,PHL,Philippines,2016,3038.149734,1.672,0.08556389866446651,False,#9A381D
856,PLW,Palau,2016,16743.37674,1.541,4.0169395256118525,False,#A46D13
857,PNG,Papua New Guinea,2016,2332.69748,1.448,0.0,False,#505693
858,POL,Poland,2016,12378.75944,2.26,0.8350754081005561,True,#9A381D
859,PRT,Portugal,2016,19991.97249,1.927,1.1165693780571384,True,#9A381D
860,PSE,West Bank and Gaza,2016,3527.613824,1.955,0.0062930052875261,False,#9A381D
861,QAT,Qatar,2016,58467.23557,1.754,0.0,False,#9A381D
862,ROU,Romania,2016,9404.341874,2.133,1.2139814902720796,True,#9A381D
863,RUS,Russia,2016,8704.898438,2.704,0.2091008583665919,True,#9A381D
864,SEN,Senegal,2016,1290.750004,1.899,0.0,False,#9A381D
865,SGP,Singapore,2016,56860.41324,,0.233602882743279,False,#9A381D
866,SLB,Solomon Islands,2016,2196.270903,1.0350000000000001,0.9618517142924895,False,#505693
867,SLV,El Salvador,2016,3870.312982,1.631,0.3323491004872378,False,#9A381D
868,SMR,San Marino,2016,43399.4583,1.877,0.0,False,#9A381D
869,SOM,Somalia,2016,387.1866816,1.7,0.0,False,#9A381D
870,SRB,Serbia,2016,5765.200762,2.008,0.0,False,#9A381D
871,SVK,Slovak Republic,2016,16563.4405,2.175,1.4736482359980998,False,#9A381D
872,SVN,Slovenia,2016,21678.35947,2.341,1.1263404635154082,True,#9A381D
873,SWE,Sweden,2016,51965.15715,2.1,0.8765057368793097,True,#9A381D
874,SYC,Seychelles,2016,15740.13032,1.158,3.0614639831494572,False,#46725D
875,THA,Thailand,2016,5854.461088,1.812,0.0654074729421258,False,#9A381D
876,TLS,Timor-Leste,2016,1347.926336,2.269,0.0,False,#9A381D
877,TTO,Trinidad and Tobago,2016,15991.10879,1.0190000000000001,1.2268426418243754,False,#505693
878,TUN,Tunisia,2016,3796.16792,2.151,0.0,False,#9A381D
879,TZA,Tanzania,2016,942.4729614,1.348,0.0,False,#505693
880,UGA,Uganda,2016,753.6844086,1.1760000000000002,0.3952107338531093,False,#505693
881,UKR,Ukraine,2016,2187.730469,2.34,0.5244811385417842,False,#9A381D
882,URY,Uruguay,2016,16766.42526,0.634,0.0390783773341844,False,#505693
883,USA,United States,2016,57866.74493,2.469,0.219308686,True,#9A381D
884,UZB,Uzbekistan,2016,2704.677188,2.543,0.0112824172124173,False,#9A381D
885,WSM,Samoa,2016,4105.834468,1.0779999999999998,0.865601808176397,False,#505693
887,ZAF,South Africa,2016,5735.066787,1.706,0.5379039941527981,True,#9A381D
888,ZMB,Zambia,2016,1249.923143,1.724,0.1129114129038826,False,#9A381D
889,AFG,Afghanistan,2017,530.1498308,1.818,0.3452451914880803,False,#9A381D
890,AGO,Angola,2017,2283.214233,1.314,0.2607690843844759,False,#505693
891,ALB,Albania,2017,4531.019374,1.519,0.3684722367323036,False,#9A381D
892,ARE,United Arab Emirates,2017,43063.96748,1.916,0.577800629171916,False,#9A381D
893,ARG,Argentina,2017,14613.04182,1.35,0.106584019532471,True,#505693
894,ARM,Armenia,2017,4041.995021,1.151,0.6533929110454673,False,#505693
895,AUS,Australia,2017,53936.14025,1.372,1.5616731358122002,True,#505693
896,AUT,Austria,2017,47429.15846,2.003,0.7169357989480196,True,#9A381D
897,AZE,Azerbaijan,2017,4147.089716,1.556,0.0431631356112929,False,#9A381D
898,BDI,Burundi,2017,243.1358094,,0.0,False,#9A381D
899,BEL,Belgium,2017,44198.48239,1.945,2.5122795191551544,True,#A46D13
900,BFA,Burkina Faso,2017,711.1846047,1.59,0.13576555546612729,False,#9A381D
901,BGD,Bangladesh,2017,1815.609426,1.335,0.0,False,#505693
902,BGR,Bulgaria,2017,8366.293221,1.237,1.3449518830774403,True,#505693
903,BHR,Bahrain,2017,24349.90987,2.2,0.0413101386776107,False,#9A381D
904,BHS,"Bahamas, The",2017,30969.8762,1.706,1.835273957264204,False,#9A381D
905,BLR,Belarus,2017,5785.670673,1.812,0.1950933776083186,False,#9A381D
906,BOL,Bolivia,2017,3280.008213,0.966,0.0,False,#505693
907,BRA,Brazil,2017,9896.684783,1.625,0.9602305087311701,True,#9A381D
908,BTN,Bhutan,2017,3240.704766,1.554,0.0726214160901991,False,#9A381D
909,BWA,Botswana,2017,6705.351862,0.617,0.6322207810535256,False,#505693
910,CAN,Canada,2017,45129.4293,1.731,1.38612686573788,True,#9A381D
911,CHE,Switzerland,2017,82254.37693,2.0309999999999997,1.1557177124950577,False,#9A381D
912,CHL,Chile,2017,15045.52768,0.965,0.17609079293256502,False,#505693
913,CHN,China,2017,8816.986905,1.816,0.720686874267773,True,#9A381D
914,CHN,"Hong Kong SAR, China",2017,46160.42979,1.816,0.720686874267773,False,#9A381D
915,CHN,"Macao SAR, China",2017,78985.64214,1.816,0.720686874267773,False,#9A381D
916,COG,"Congo, Rep.",2017,2088.500117,1.433,0.0,False,#505693
917,COL,Colombia,2017,6450.319585,0.906,1.090335491286526,False,#505693
918,CPV,Cabo Verde,2017,3132.621798,2.59,3.1101459741831405,False,#A46D13
919,CRI,Costa Rica,2017,12118.13341,,0.2494883890086195,False,#9A381D
920,CYP,Cyprus,2017,26697.17188,1.0939999999999999,0.5526866435717872,True,#505693
921,CZE,Czechia,2017,20636.19995,1.835,1.6033676512397512,False,#9A381D
922,DEU,Germany,2017,44652.58917,1.886,1.096058962524027,True,#9A381D
923,DNK,Denmark,2017,57610.09818,1.874,0.8088610827374881,True,#9A381D
924,DOM,Dominican Republic,2017,7513.491343,1.358,0.08071670427924249,False,#505693
925,DZA,Algeria,2017,4134.93672,1.748,0.0,False,#9A381D
926,EGY,"Egypt, Arab Rep.",2017,2315.896627,0.789,0.0,False,#505693
927,ESP,Spain,2017,28185.32137,2.223,1.6871122081959466,True,#9A381D
928,EST,Estonia,2017,20437.76538,1.724,1.4710306403179039,True,#9A381D
929,ETH,Ethiopia,2017,755.7517677,1.773,0.021311721960362698,False,#9A381D
930,FIN,Finland,2017,46412.13648,1.727,0.4003517439162882,True,#9A381D
931,FJI,Fiji,2017,5825.129207,1.402,0.0,False,#505693
932,FRA,France,2017,38781.04949,1.932,1.8698073603042253,True,#9A381D
933,FSM,"Micronesia, Fed. Sts.",2017,3320.354976,1.101,0.289249095552298,False,#505693
934,GBR,United Kingdom,2017,40621.33448,1.687,1.406484917814378,True,#9A381D
935,GEO,Georgia,2017,4357.000936,1.072,0.9945619624427384,False,#505693
936,GNQ,Equatorial Guinea,2017,8410.39725,1.434,0.09398429087098481,False,#505693
937,GRC,Greece,2017,18582.08934,0.9,2.800984465317919,True,#46725D
938,GTM,Guatemala,2017,4454.04815,1.306,0.4663669955120519,False,#505693
939,HND,Honduras,2017,2403.304451,1.299,0.0,False,#505693
940,HRV,Croatia,2017,13655.81594,1.812,1.2455068149474426,True,#9A381D
941,HUN,Hungary,2017,14621.2396,1.623,1.3109891233063236,True,#9A381D
942,IDN,Indonesia,2017,3839.785069,1.193,0.194048414010937,True,#505693
943,IRL,Ireland,2017,69970.94891,1.568,0.8238184726782856,True,#9A381D
944,IRN,"Iran, Islamic Rep.",2017,5758.59072,1.884,0.0,False,#9A381D
945,ISL,Iceland,2017,72010.14903,2.02,1.2173754414400395,False,#9A381D
946,ISR,Israel,2017,41114.78171,1.0699999999999998,1.09519777357107,False,#505693
947,ITA,Italy,2017,32406.72032,1.809,1.7428378439853203,True,#9A381D
948,JAM,Jamaica,2017,5273.150744,1.228,0.0,False,#505693
949,JOR,Jordan,2017,4073.116404,1.308,0.1183673469387754,False,#505693
950,JPN,Japan,2017,38834.05293,0.996,2.2656864464546267,True,#46725D
951,KAZ,Kazakhstan,2017,9247.581331,2.002,0.47966182507761224,False,#9A381D
952,KEN,Kenya,2017,1675.973916,1.643,0.2768576287636317,False,#9A381D
953,KGZ,Kyrgyz Republic,2017,1242.769643,1.68,0.3473107171672234,False,#9A381D
954,KHM,Cambodia,2017,1400.89926,1.341,0.0,False,#505693
955,KIR,Kiribati,2017,1563.550457,1.718,1.82905551091795,False,#9A381D
956,KOR,"Korea, Rep.",2017,31616.8434,1.654,0.0,False,#9A381D
957,KWT,Kuwait,2017,29263.08965,2.0540000000000003,0.0,False,#9A381D
958,LBN,Lebanon,2017,8679.897422,1.393,0.0221904847798773,False,#505693
959,LBR,Liberia,2017,706.892692,1.822,0.0,False,#9A381D
960,LTU,Lithuania,2017,16885.40739,1.761,0.9760456804403418,True,#9A381D
961,LUX,Luxembourg,2017,110193.2138,1.872,1.6716671683009379,True,#9A381D
962,LVA,Latvia,2017,15695.11515,1.719,1.086585229891286,True,#9A381D
963,MDA,Moldova,2017,3509.64734,1.599,0.1640197564979282,False,#9A381D
964,MDG,Madagascar,2017,503.4980587,1.456,0.0,False,#505693
965,MDV,Maldives,2017,10062.98312,1.048,0.0,False,#505693
966,MHL,Marshall Islands,2017,4507.622862,0.974,6.88851359757696,False,#46725D
967,MKD,North Macedonia,2017,5450.492881,1.424,2.4549237660643977,False,#46725D
968,MLT,Malta,2017,28823.52512,1.47,1.8006335099363666,True,#505693
969,MMR,Myanmar,2017,1175.202557,1.53,0.0065985591810641,False,#9A381D
970,MNG,Mongolia,2017,3708.248223,2.736,0.3637088412331177,False,#9A381D
971,MUS,Mauritius,2017,10844.03633,1.46,0.548651468391364,False,#505693
972,MYS,Malaysia,2017,9979.800841,1.435,0.0,False,#505693
973,NAM,Namibia,2017,5453.570622,1.713,0.446990609325318,False,#9A381D
974,NIC,Nicaragua,2017,2127.280585,1.234,0.0746634255726564,False,#505693
975,NLD,Netherlands,2017,48675.22234,1.954,2.7021754503851567,True,#A46D13
976,NOR,Norway,2017,75496.75406,1.828,1.8064066624142507,False,#9A381D
977,NPL,Nepal,2017,1027.965486,1.464,0.3764853558668815,False,#505693
978,NRU,Nauru,2017,9361.383343,,1.207971561725366,False,#9A381D
979,NZL,New Zealand,2017,42924.9956,0.799,1.736555431193457,False,#505693
980,OMN,Oman,2017,17802.57512,1.839,0.0,False,#9A381D
981,PAN,Panama,2017,15185.97248,0.961,0.6221014696510841,False,#505693
982,PHL,Philippines,2017,3077.43564,1.3,0.1039418539413554,False,#505693
983,PLW,Palau,2017,16011.66115,1.412,2.661671955661764,False,#46725D
984,PNG,Papua New Guinea,2017,2495.131383,1.193,1.2647504060627082,False,#505693
985,POL,Poland,2017,13815.6218,1.683,0.7770567463245435,True,#9A381D
986,PRT,Portugal,2017,21490.42986,2.365,1.2100143355017758,True,#9A381D
987,PSE,West Bank and Gaza,2017,3620.360487,1.071,0.0069553063888382,False,#505693
988,QAT,Qatar,2017,59407.69805,2.1180000000000003,0.0,False,#9A381D
989,ROU,Romania,2017,10727.94969,1.415,0.9949927479529274,True,#505693
990,RUS,Russia,2017,10720.33301,2.375,0.2755435350684644,True,#9A381D
991,SEN,Senegal,2017,1385.199333,2.117,0.0,False,#9A381D
992,SGP,Singapore,2017,61150.7272,,0.6136484579377461,False,#9A381D
993,SLB,Solomon Islands,2017,2283.576156,0.829,0.971161424204784,False,#505693
994,SLV,El Salvador,2017,3986.049014,1.083,0.29544581091468103,False,#505693
995,SMR,San Marino,2017,44885.79714,1.821,0.0,False,#9A381D
996,SOM,Somalia,2017,377.349072,2.002,0.1678075852126322,False,#9A381D
997,SRB,Serbia,2017,6292.543629,1.589,0.0,False,#9A381D
998,SVK,Slovak Republic,2017,17585.197,1.503,1.5635926782934961,False,#9A381D
999,SVN,Slovenia,2017,23514.02546,2.0149999999999997,0.9040135964269855,True,#9A381D
1000,SWE,Sweden,2017,53791.50873,1.843,0.9327810418555824,True,#9A381D
1001,SYC,Seychelles,2017,16416.77619,1.258,0.0,False,#505693
1002,THA,Thailand,2017,6436.791746,1.381,0.0770665302373462,False,#505693
1003,TLS,Timor-Leste,2017,1283.52585,1.559,0.0,False,#9A381D
1004,TTO,Trinidad and Tobago,2017,16094.66678,,0.634481140840449,False,#9A381D
1005,TUN,Tunisia,2017,3569.755725,1.627,0.0,False,#9A381D
1006,TZA,Tanzania,2017,976.2122192,1.603,0.0095391790567976,False,#9A381D
1007,UGA,Uganda,2017,766.1776058,1.645,0.1979963235607872,False,#9A381D
1008,UKR,Ukraine,2017,2638.326172,1.651,0.4927453636034494,False,#9A381D
1009,URY,Uruguay,2017,18769.78752,1.877,0.0377569762524301,False,#9A381D
1010,USA,United States,2017,59907.75426,1.68,0.235658463,True,#9A381D
1011,UZB,Uzbekistan,2017,1916.764642,2.037,0.0325740275180294,False,#9A381D
1012,WSM,Samoa,2017,4261.653789,0.974,0.910899366988778,False,#505693
1014,ZAF,South Africa,2017,6734.475153,1.2309999999999999,0.6137456547051041,True,#505693
1015,ZMB,Zambia,2017,1495.752138,0.971,0.1249639982761407,False,#505693
1016,AFG,Afghanistan,2018,502.0567706,1.83,0.0,False,#9A381D
1017,AGO,Angola,2018,2487.500996,1.754,0.0341286690552805,False,#9A381D
1018,ALB,Albania,2018,5287.663694,2.396,0.1730827191778518,False,#9A381D
1019,ARE,United Arab Emirates,2018,46722.26872,1.78,0.507947069434439,False,#9A381D
1020,ARG,Argentina,2018,11795.15939,1.126,0.124122990816225,True,#505693
1021,ARM,Armenia,2018,4391.923697,3.031,0.7612204239988499,False,#9A381D
1022,AUS,Australia,2018,57207.87151,1.362,1.6355043028643828,True,#505693
1023,AUT,Austria,2018,51466.55656,2.785,0.7453539127765356,True,#9A381D
1024,AZE,Azerbaijan,2018,4739.84171,2.502,0.042064126254807,False,#9A381D
1025,BDI,Burundi,2018,231.4464765,,0.0,False,#9A381D
1026,BEL,Belgium,2018,47544.98115,2.401,2.5652627234615646,True,#A46D13
1027,BFA,Burkina Faso,2018,779.2027097,1.52,0.13113067811939969,False,#9A381D
1028,BGD,Bangladesh,2018,1963.411855,1.116,0.0,False,#505693
1029,BGR,Bulgaria,2018,9446.717094,2.478,1.4006040109922995,True,#9A381D
1030,BHR,Bahrain,2018,25415.84662,2.36,0.0405757020996773,False,#9A381D
1031,BHS,"Bahamas, The",2018,31738.26716,1.418,1.370301661943926,False,#505693
1032,BLR,Belarus,2018,6360.062473,2.56,0.2103109111451382,False,#9A381D
1033,BOL,Bolivia,2018,3471.006951,0.5349999999999999,0.0,False,#505693
1034,BRA,Brazil,2018,9121.083403,1.418,0.9565656137082716,True,#505693
1035,BTN,Bhutan,2018,3210.706269,1.462,0.0526985855520752,False,#505693
1036,BWA,Botswana,2018,6947.800812,1.309,0.0,False,#505693
1037,CAN,Canada,2018,46548.63841,0.741,1.452089413711742,True,#505693
1038,CHE,Switzerland,2018,85217.36915,2.535,1.1145665367540305,False,#9A381D
1039,CHL,Chile,2018,15795.70846,0.632,0.173906628900239,False,#505693
1040,CHN,China,2018,9905.342004,1.6,0.729599562818664,True,#9A381D
1041,CHN,"Hong Kong SAR, China",2018,48537.56689,1.6,0.729599562818664,False,#9A381D
1042,CHN,"Macao SAR, China",2018,84923.38678,1.6,0.729599562818664,False,#9A381D
1043,COG,"Congo, Rep.",2018,2512.383979,1.526,0.0,False,#9A381D
1044,COL,Colombia,2018,6782.03792,1.245,1.1046760903875414,False,#505693
1045,CPV,Cabo Verde,2018,3442.742003,1.531,0.0,False,#9A381D
1046,CRI,Costa Rica,2018,12383.14997,,0.2339056900855376,False,#9A381D
1047,CYP,Cyprus,2018,29418.93555,2.433,0.5207021080036959,True,#9A381D
1048,CZE,Czechia,2018,23424.48046,2.891,1.7033587107519594,False,#9A381D
1049,DEU,Germany,2018,47939.27829,2.627,1.1516511969024839,True,#9A381D
1050,DNK,Denmark,2018,61591.92887,2.365,0.7933200639946028,True,#9A381D
1051,DOM,Dominican Republic,2018,7947.158207,1.524,0.0986926180993931,False,#9A381D
1052,DZA,Algeria,2018,4171.795011,1.461,0.0,False,#505693
1053,EGY,"Egypt, Arab Rep.",2018,2407.086543,2.237,0.0,False,#9A381D
1054,ESP,Spain,2018,30379.72111,1.319,1.6817659373418363,True,#505693
1055,EST,Estonia,2018,23165.84948,2.631,1.501296785768512,True,#9A381D
1056,ETH,Ethiopia,2018,758.2990596,1.214,0.06326516442606911,False,#505693
1057,FIN,Finland,2018,49987.62616,2.394,0.3957715832576623,True,#9A381D
1058,FJI,Fiji,2018,6073.336388,1.044,0.0,False,#505693
1059,FRA,France,2018,41557.85486,2.175,1.9267923832123306,True,#9A381D
1060,FSM,"Micronesia, Fed. Sts.",2018,3623.329337,0.976,0.993640999439274,False,#505693
1061,GBR,United Kingdom,2018,43306.3083,1.262,1.3285626247482036,True,#505693
1062,GEO,Georgia,2018,4722.042423,2.767,0.8426133134950737,False,#9A381D
1063,GNQ,Equatorial Guinea,2018,8719.186217,0.821,0.08845326539683711,False,#505693
1064,GRC,Greece,2018,19756.99046,2.153,2.7619667606981753,True,#A46D13
1065,GTM,Guatemala,2018,4485.731255,1.085,0.6783914124596324,False,#505693
1066,HND,Honduras,2018,2457.688921,0.948,0.0,False,#505693
1067,HRV,Croatia,2018,15244.43105,2.571,1.3384497616594826,True,#9A381D
1068,HUN,Hungary,2018,16425.1013,2.815,1.255560710197678,True,#9A381D
1069,IDN,Indonesia,2018,3902.661668,1.1179999999999999,0.212311610303027,True,#505693
1070,IRL,Ireland,2018,79250.38785,1.084,0.789476815870348,True,#505693
1071,IRN,"Iran, Islamic Rep.",2018,3873.99534,2.213,0.0,False,#9A381D
1072,ISL,Iceland,2018,74461.48,1.142,1.294832177942461,False,#505693
1073,ISR,Israel,2018,42406.84543,2.339,1.0883899925684908,False,#9A381D
1074,ITA,Italy,2018,34622.16967,2.042,1.7260435117856177,True,#9A381D
1075,JAM,Jamaica,2018,5594.493935,1.435,0.0,False,#505693
1076,JOR,Jordan,2018,4146.407296,2.351,0.1062927656301841,False,#9A381D
1077,JPN,Japan,2018,39727.1166,1.1219999999999999,2.2264889526880784,True,#46725D
1078,KAZ,Kazakhstan,2018,9812.626371,0.879,0.5730173133760296,False,#505693
1079,KEN,Kenya,2018,1845.78294,0.777,0.127450053816244,False,#505693
1080,KGZ,Kyrgyz Republic,2018,1308.140165,1.46,0.3380485913237003,False,#505693
1081,KHM,Cambodia,2018,1533.315985,1.009,0.2791318743135599,False,#505693
1082,KIR,Kiribati,2018,1605.01365,1.624,1.70186501840604,False,#9A381D
1083,KOR,"Korea, Rep.",2018,33436.92306,1.137,0.0,False,#505693
1084,KWT,Kuwait,2018,32007.52354,2.423,0.0,False,#9A381D
1085,LBN,Lebanon,2018,9225.845155,2.526,0.0797239160436342,False,#9A381D
1086,LBR,Liberia,2018,700.0370394,1.595,0.0,False,#9A381D
1087,LTU,Lithuania,2018,19186.35959,2.645,0.9806005583522015,True,#9A381D
1088,LUX,Luxembourg,2018,116786.5117,2.697,1.769930278370308,True,#9A381D
1089,LVA,Latvia,2018,17865.03109,2.574,1.1565567830777117,True,#9A381D
1090,MDA,Moldova,2018,4232.206888,2.27,0.121463240865038,False,#9A381D
1091,MDG,Madagascar,2018,512.5439846,1.111,0.0,False,#505693
1092,MDV,Maldives,2018,10823.63669,1.012,0.0,False,#505693
1093,MHL,Marshall Islands,2018,4769.190459,0.76,6.431396949503323,False,#46725D
1094,MKD,North Macedonia,2018,6108.740108,2.437,2.5261073626693036,False,#A46D13
1095,MLT,Malta,2018,31567.94224,1.667,2.5198493793156542,True,#A46D13
1096,MMR,Myanmar,2018,1274.915657,1.274,0.058018631573102,False,#505693
1097,MNG,Mongolia,2018,4165.022739,2.464,0.568804510115124,False,#9A381D
1098,MUS,Mauritius,2018,11645.98198,1.163,1.0226760167480173,False,#505693
1099,MYS,Malaysia,2018,11074.06409,1.434,0.0,False,#505693
1100,NAM,Namibia,2018,5687.399093,2.303,0.423576661422924,False,#9A381D
1101,NIC,Nicaragua,2018,1981.85912,1.097,0.129074680870774,False,#505693
1102,NLD,Netherlands,2018,53044.53244,2.36,2.7517258041801758,True,#A46D13
1103,NOR,Norway,2018,82267.80932,1.76,1.7609386870761705,False,#9A381D
1104,NPL,Nepal,2018,1161.534374,0.992,0.5793623790818139,False,#505693
1105,NRU,Nauru,2018,10400.98907,,3.6731286453775045,False,#A46D13
1106,NZL,New Zealand,2018,43250.44097,1.345,1.7591560390838608,False,#505693
1107,OMN,Oman,2018,19887.57431,1.532,0.0,False,#9A381D
1108,PAN,Panama,2018,15588.33733,1.321,0.6135423237386601,False,#505693
1109,PHL,Philippines,2018,3194.674521,1.326,0.2435286222848696,False,#505693
1110,PLW,Palau,2018,15948.27586,1.486,4.720244143453707,False,#46725D
1111,PNG,Papua New Guinea,2018,2584.298769,0.961,0.7031504865423703,False,#505693
1112,POL,Poland,2018,15504.58048,2.642,0.9809362472337502,True,#9A381D
1113,PRT,Portugal,2018,23562.55452,1.113,1.2055144623779328,True,#505693
1114,PSE,West Bank and Gaza,2018,3562.330943,2.343,0.0139252677469974,False,#9A381D
1115,QAT,Qatar,2018,66264.08117,2.231,0.0,False,#9A381D
1116,ROU,Romania,2018,12494.47747,2.528,1.4636316974851542,True,#9A381D
1117,RUS,Russia,2018,11287.36035,2.29,0.2956469998083991,True,#9A381D
1118,SEN,Senegal,2018,1484.239673,1.314,0.0,False,#505693
1119,SGP,Singapore,2018,66859.33834,,0.6298654946453913,False,#9A381D
1120,SLB,Solomon Islands,2018,2450.484428,0.869,0.8666833820007674,False,#505693
1121,SLV,El Salvador,2018,4145.862351,1.103,0.1783185407087009,False,#505693
1122,SMR,San Marino,2018,48462.96032,2.1029999999999998,0.0,False,#9A381D
1123,SOM,Somalia,2018,379.9860027,1.057,0.31703619866750266,False,#505693
1124,SRB,Serbia,2018,7252.401858,2.631,0.0,False,#9A381D
1125,SVK,Slovak Republic,2018,19486.39368,2.79,1.5714698186815514,False,#9A381D
1126,SVN,Slovenia,2018,26123.74713,2.702,1.0813008839138152,True,#9A381D
1127,SWE,Sweden,2018,54589.06039,2.099,1.0018834763165385,True,#9A381D
1128,SYC,Seychelles,2018,16910.68818,0.992,3.399388749854042,False,#46725D
1129,THA,Thailand,2018,7124.564544,1.138,0.09365917509811081,False,#505693
1130,TLS,Timor-Leste,2018,1239.366122,1.076,0.0,False,#505693
1131,TTO,Trinidad and Tobago,2018,16164.16133,0.873,1.3429658638934159,False,#505693
1132,TUN,Tunisia,2018,3577.124412,1.755,0.0,False,#9A381D
1133,TZA,Tanzania,2018,1010.937622,1.141,0.0077764392637527,False,#505693
1134,UGA,Uganda,2018,793.1280811,0.951,0.270388957309784,False,#505693
1135,UKR,Ukraine,2018,3096.561768,2.472,0.4629944313712716,False,#9A381D
1136,URY,Uruguay,2018,18825.28381,1.539,0.0371854809718466,False,#9A381D
1137,USA,United States,2018,62823.30944,1.523,0.208931353,True,#9A381D
1138,UZB,Uzbekistan,2018,1597.068337,1.284,0.0500054054029415,False,#505693
1139,WSM,Samoa,2018,4188.988532,0.728,1.60407009758944,False,#505693
1141,ZAF,South Africa,2018,7048.522211,1.155,0.5341747770719564,True,#505693
1142,ZMB,Zambia,2018,1475.204538,0.977,0.2501617153857762,False,#505693
1143,AFG,Afghanistan,2019,500.5226641,1.21,0.0,False,#505693
1144,AGO,Angola,2019,2142.238757,2.225,0.0179721892272037,False,#9A381D
1145,ALB,Albania,2019,5396.215864,2.073,0.3721846756313994,False,#9A381D
1146,ARE,United Arab Emirates,2019,45376.17084,1.497,0.372413369651785,False,#505693
1147,ARG,Argentina,2019,9963.672506,1.006,0.13716262334275,True,#505693
1148,ARM,Armenia,2019,4828.505178,2.1029999999999998,0.6753378953680658,False,#9A381D
1149,AUS,Australia,2019,54941.43418,1.661,1.6209984162831483,True,#9A381D
1150,AUT,Austria,2019,50070.40335,2.619,0.7866507837255516,True,#9A381D
1151,AZE,Azerbaijan,2019,4805.753718,2.262,0.0344338320947736,False,#9A381D
1152,BDI,Burundi,2019,216.9729681,,0.0,False,#9A381D
1153,BEL,Belgium,2019,46638.68131,2.288,2.6377001446436674,True,#A46D13
1154,BFA,Burkina Faso,2019,772.1668949,1.446,0.1629125161283338,False,#505693
1155,BGD,Bangladesh,2019,2122.078851,1.359,0.0,False,#505693
1156,BGR,Bulgaria,2019,9879.334343,2.44,1.3538486585999676,True,#9A381D
1157,BHR,Bahrain,2019,25869.11291,2.2359999999999998,0.0327435189256,False,#9A381D
1158,BHS,"Bahamas, The",2019,32610.48505,1.835,1.512763307508764,False,#9A381D
1159,BLR,Belarus,2019,6837.717826,2.9,0.189735345489308,False,#9A381D
1160,BOL,Bolivia,2019,3472.380831,0.963,0.0,False,#505693
1161,BRA,Brazil,2019,8845.259118,1.797,0.9204452384775695,True,#9A381D
1162,BTN,Bhutan,2019,3303.964211,1.377,0.0466042290126708,False,#505693
1163,BWA,Botswana,2019,6679.167674,2.162,0.0,False,#9A381D
1164,CAN,Canada,2019,46328.67184,1.57,1.4466355210544406,True,#9A381D
1165,CHE,Switzerland,2019,84121.93103,2.292,1.0934383082337722,False,#9A381D
1166,CHL,Chile,2019,14631.94688,0.76,0.1945464680408428,False,#505693
1167,CHN,China,2019,10143.8382,1.663,0.790442953492397,True,#9A381D
1168,CHN,"Hong Kong SAR, China",2019,48356.0635,1.663,0.790442953492397,False,#9A381D
1169,CHN,"Macao SAR, China",2019,83183.16661,1.663,0.790442953492397,False,#9A381D
1170,COG,"Congo, Rep.",2019,2288.808138,1.71,0.0,False,#9A381D
1171,COL,Colombia,2019,6438.060183,1.5,1.269406868238642,False,#9A381D
1172,CPV,Cabo Verde,2019,3434.562745,2.1550000000000002,0.0,False,#9A381D
1173,CRI,Costa Rica,2019,12669.34107,,0.2395026272521802,False,#9A381D
1174,CYP,Cyprus,2019,29417.13867,1.839,0.5545809010593578,True,#9A381D
1175,CZE,Czechia,2019,23664.84786,2.783,1.6682244314158663,False,#9A381D
1176,DEU,Germany,2019,46793.68676,2.564,1.2016065182028877,True,#9A381D
1177,DNK,Denmark,2019,59592.98069,2.435,0.7744035699094323,True,#9A381D
1178,DOM,Dominican Republic,2019,8173.338007,1.496,0.10013926958471739,False,#505693
1179,DZA,Algeria,2019,4022.150184,1.344,0.0,False,#505693
1180,EGY,"Egypt, Arab Rep.",2019,2869.576588,1.225,0.0,False,#505693
1181,ESP,Spain,2019,29581.51855,1.696,1.7192566549472623,True,#9A381D
1182,EST,Estonia,2019,23424.48471,2.433,1.3507719701474337,True,#9A381D
1183,ETH,Ethiopia,2019,840.4494515,1.623,0.06271053912480211,False,#9A381D
1184,FIN,Finland,2019,48629.85823,1.686,0.3865104520256398,True,#9A381D
1185,FJI,Fiji,2019,5968.300559,1.268,0.0,False,#505693
1186,FRA,France,2019,40494.89829,2.138,1.9909461424700585,True,#9A381D
1187,FSM,"Micronesia, Fed. Sts.",2019,3699.081514,1.041,1.012879204778158,False,#505693
1188,GBR,United Kingdom,2019,42747.08046,1.497,1.279395978243085,True,#505693
1189,GEO,Georgia,2019,4696.150586,1.986,1.2458211933679613,False,#9A381D
1190,GNQ,Equatorial Guinea,2019,7317.390189,1.702,0.0971625724455154,False,#9A381D
1191,GRC,Greece,2019,19144.28439,1.656,2.736992470544619,True,#A46D13
1192,GTM,Guatemala,2019,4647.693347,1.614,0.8356502938408641,False,#9A381D
1193,HND,Honduras,2019,2519.370194,1.357,0.0,False,#505693
1194,HRV,Croatia,2019,15331.88305,2.367,1.355885905740007,True,#9A381D
1195,HUN,Hungary,2019,16782.95246,2.643,0.9449925806915414,True,#9A381D
1196,IDN,Indonesia,2019,4151.227543,1.271,0.32914763293952337,True,#505693
1197,IRL,Ireland,2019,80927.07467,1.498,0.7553439450248939,True,#505693
1198,IRN,"Iran, Islamic Rep.",2019,3277.875596,1.758,0.0,False,#9A381D
1199,ISL,Iceland,2019,68853.71522,1.646,1.2205378758403003,False,#9A381D
1200,ISR,Israel,2019,44452.23256,1.554,1.0897229469253238,False,#9A381D
1201,ITA,Italy,2019,33673.75096,1.889,1.776718620703518,True,#9A381D
1202,JAM,Jamaica,2019,5626.171177,1.729,0.0,False,#9A381D
1203,JOR,Jordan,2019,4205.563654,1.683,0.17976358268604,False,#9A381D
1204,JPN,Japan,2019,40458.00188,1.465,2.2267796920778586,True,#46725D
1205,KAZ,Kazakhstan,2019,9812.595808,1.72,0.6348098498616264,False,#9A381D
1206,KEN,Kenya,2019,1970.105143,1.748,0.1506464793369697,False,#9A381D
1207,KGZ,Kyrgyz Republic,2019,1374.032105,1.897,0.2706924112572246,False,#9A381D
1208,KHM,Cambodia,2019,1671.385385,1.763,0.24098495076928755,False,#9A381D
1209,KIR,Kiribati,2019,1432.178985,1.626,1.6841685851935,False,#9A381D
1210,KOR,"Korea, Rep.",2019,31902.4169,1.657,0.0,False,#9A381D
1211,KWT,Kuwait,2019,30667.34822,1.943,0.0,False,#9A381D
1212,LBN,Lebanon,2019,8985.572499,1.803,0.0875037777447483,False,#9A381D
1213,LBR,Liberia,2019,665.8784476,1.749,0.0,False,#9A381D
1214,LTU,Lithuania,2019,19595.14157,2.851,1.0567707330265572,True,#9A381D
1215,LUX,Luxembourg,2019,112621.8213,2.393,1.7468606533115865,True,#9A381D
1216,LVA,Latvia,2019,17945.22222,2.678,1.1647898562496657,True,#9A381D
1217,MDA,Moldova,2019,4493.370303,2.586,0.1570689261244632,False,#9A381D
1218,MDG,Madagascar,2019,512.2796597,1.578,0.0,False,#9A381D
1219,MDV,Maldives,2019,11118.55654,1.338,0.0,False,#505693
1220,MHL,Marshall Islands,2019,5188.971114,0.968,7.829212088433119,False,#46725D
1221,MKD,North Macedonia,2019,6070.388054,2.217,1.7153682717332457,False,#9A381D
1222,MLT,Malta,2019,31198.24145,1.493,2.8653634743625704,True,#46725D
1223,MMR,Myanmar,2019,1295.201448,1.941,0.0712662353225486,False,#9A381D
1224,MNG,Mongolia,2019,4394.947147,2.099,0.6345499932229539,False,#9A381D
1225,MUS,Mauritius,2019,11405.72682,1.558,1.6239190072590612,False,#9A381D
1226,MYS,Malaysia,2019,11132.02393,1.696,0.12283251319426,False,#9A381D
1227,NAM,Namibia,2019,5126.176144,2.963,0.474294401910064,False,#9A381D
1228,NIC,Nicaragua,2019,1890.273065,1.355,0.173195260974437,False,#505693
1229,NLD,Netherlands,2019,52476.27325,2.366,2.731918504898197,True,#A46D13
1230,NOR,Norway,2019,75719.7529,1.481,1.8615161767347472,False,#505693
1231,NPL,Nepal,2019,1185.682675,0.996,0.5476594236303483,False,#505693
1232,NRU,Nauru,2019,9786.026526,,0.0,False,#9A381D
1233,NZL,New Zealand,2019,42865.23364,1.291,1.7674237626702598,False,#505693
1234,OMN,Oman,2019,19132.15227,1.282,0.0,False,#505693
1235,PAN,Panama,2019,15826.08235,1.489,0.6193971362706765,False,#505693
1236,PHL,Philippines,2019,3413.847924,1.401,0.2357674589801422,False,#505693
1237,PLW,Palau,2019,15567.09087,,3.8870635331482344,False,#A46D13
1238,PNG,Papua New Guinea,2019,2593.80465,0.946,0.1826287886440435,False,#505693
1239,POL,Poland,2019,15699.91135,2.865,1.0531627146406335,True,#9A381D
1240,PRT,Portugal,2019,23330.81729,1.5,1.2564570352751516,True,#9A381D
1241,PSE,West Bank and Gaza,2019,3656.858271,1.548,0.0063858184484616,False,#9A381D
1242,QAT,Qatar,2019,62637.27511,2.069,0.0,False,#9A381D
1243,ROU,Romania,2019,12958.07556,2.516,1.4530845727843096,True,#9A381D
1244,RUS,Russia,2019,11536.25098,2.431,0.445231021711974,True,#9A381D
1245,SEN,Senegal,2019,1462.354333,1.742,0.5933606674639761,False,#9A381D
1246,SGP,Singapore,2019,65831.18943,,0.5874305295472544,False,#9A381D
1247,SLB,Solomon Islands,2019,2398.772757,0.849,0.8926595543989279,False,#505693
1248,SLV,El Salvador,2019,4280.288404,1.284,0.20151200929780838,False,#505693
1249,SMR,San Marino,2019,47287.39839,1.908,1.321567867035798,False,#9A381D
1250,SOM,Somalia,2019,405.7867633,1.927,0.0876296304058794,False,#9A381D
1251,SRB,Serbia,2019,7417.203649,2.409,0.0,False,#9A381D
1252,SVK,Slovak Republic,2019,19383.48104,2.673,1.6032992369582695,False,#9A381D
1253,SVN,Slovenia,2019,26016.07868,2.617,1.1375380190425817,True,#9A381D
1254,SWE,Sweden,2019,51939.42974,1.822,0.9853812733198275,True,#9A381D
1255,SYC,Seychelles,2019,17253.50566,1.42,0.0,False,#505693
1256,THA,Thailand,2019,7630.03961,2.024,0.11236467523101161,False,#9A381D
1257,TLS,Timor-Leste,2019,1584.263844,1.249,0.0,False,#505693
1258,TTO,Trinidad and Tobago,2019,15690.9631,1.474,0.0,False,#505693
1259,TUN,Tunisia,2019,3477.883777,1.567,0.0,False,#9A381D
1260,TZA,Tanzania,2019,1052.021729,1.516,0.0,False,#9A381D
1261,UGA,Uganda,2019,823.1389505,1.477,0.239225984741884,False,#505693
1262,UKR,Ukraine,2019,3661.456299,2.605,0.4893445083699625,False,#9A381D
1263,URY,Uruguay,2019,17859.9315,1.112,0.0379002283752284,False,#505693
1264,USA,United States,2019,65120.39466,1.282,0.286703416,True,#505693
1265,UZB,Uzbekistan,2019,1784.009816,2.1799999999999997,0.0449819154844601,False,#9A381D
1266,WSM,Samoa,2019,4308.272753,1.0779999999999998,1.47115897031519,False,#505693
1268,ZAF,South Africa,2019,6688.787271,2.002,0.5494376046100504,True,#9A381D
1269,ZMB,Zambia,2019,1268.120941,1.545,0.1375194754681723,False,#9A381D
1270,AFG,Afghanistan,2020,516.8665522,0.794,0.0,False,#505693
1271,AGO,Angola,2020,1603.993477,1.637,0.0,False,#9A381D
1272,ALB,Albania,2020,5332.160475,1.873,0.6589132438379138,False,#9A381D
1273,ARE,United Arab Emirates,2020,37629.17417,1.532,0.908852440764644,False,#9A381D
1274,ARG,Argentina,2020,8496.424142,1.359,0.11630787528822,True,#505693
1275,ARM,Armenia,2020,4505.867364,2.216,0.6852863350462176,False,#9A381D
1276,AUS,Australia,2020,51720.37076,1.654,1.7881150915288402,True,#9A381D
1277,AUT,Austria,2020,48809.22688,2.57,0.7867315635681615,True,#9A381D
1278,AZE,Azerbaijan,2020,4229.910649,2.288,0.0,False,#9A381D
1279,BDI,Burundi,2020,216.8267413,,0.0,False,#9A381D
1280,BEL,Belgium,2020,45517.79493,2.778,2.9672611857430637,True,#A46D13
1281,BFA,Burkina Faso,2020,833.2443426,1.444,0.2200210616802358,False,#505693
1282,BGD,Bangladesh,2020,2233.305524,1.165,0.0,False,#505693
1283,BGR,Bulgaria,2020,10129.81296,2.432,1.4769653425904965,True,#9A381D
1284,BHR,Bahrain,2020,23501.91946,2.232,0.0462822757600116,False,#9A381D
1285,BHS,"Bahamas, The",2020,23862.71099,1.943,2.7827519949211768,False,#A46D13
1286,BLR,Belarus,2020,6542.797491,3.726,0.21198250967987758,False,#9A381D
1287,BOL,Bolivia,2020,3068.812555,1.417,0.0,False,#505693
1288,BRA,Brazil,2020,6794.489159,1.733,1.0052694274584641,True,#9A381D
1289,BTN,Bhutan,2020,3009.924171,1.216,0.0418898917979481,False,#505693
1290,BWA,Botswana,2020,5863.203241,1.1,0.0,False,#505693
1291,CAN,Canada,2020,43258.26387,1.389,1.4901457518792223,True,#505693
1292,CHE,Switzerland,2020,85656.32267,2.698,1.1773228269919231,False,#9A381D
1293,CHL,Chile,2020,13094.45953,1.021,0.21798919963990632,False,#505693
1294,CHN,China,2020,10408.66976,1.886,0.732529998194278,True,#9A381D
1295,CHN,"Hong Kong SAR, China",2020,46107.76528,1.886,0.732529998194278,False,#9A381D
1296,CHN,"Macao SAR, China",2020,37646.3162,1.886,0.732529998194278,False,#9A381D
1297,COG,"Congo, Rep.",2020,1838.448139,1.861,0.0,False,#9A381D
1298,COL,Colombia,2020,5307.215228,1.66,0.9643585076067523,False,#9A381D
1299,CPV,Cabo Verde,2020,2924.101807,2.428,0.0,False,#9A381D
1300,CRI,Costa Rica,2020,12132.87688,,0.244374915250382,False,#9A381D
1301,CYP,Cyprus,2020,28036.18945,1.996,0.7139875340079741,True,#9A381D
1302,CZE,Czechia,2020,22992.87938,2.581,1.806967730787447,False,#9A381D
1303,DEU,Germany,2020,46772.82535,2.749,1.3646675931534997,True,#9A381D
1304,DNK,Denmark,2020,60915.4244,2.892,0.8030697629295812,True,#9A381D
1305,DOM,Dominican Republic,2020,7167.919159,1.838,0.1126942156720156,False,#9A381D
1306,DZA,Algeria,2020,3337.252512,2.1630000000000003,0.0,False,#9A381D
1307,EGY,"Egypt, Arab Rep.",2020,3398.801432,1.254,0.0,False,#505693
1308,ESP,Spain,2020,26959.67544,2.222,1.8360922253081242,True,#9A381D
1309,EST,Estonia,2020,23595.24368,3.845,1.3668960726705763,True,#9A381D
1310,ETH,Ethiopia,2020,918.6525941,1.62,0.0346810467590109,False,#9A381D
1311,FIN,Finland,2020,49170.75215,3.555,0.45980320761427373,True,#9A381D
1312,FJI,Fiji,2020,4864.117047,1.482,0.0,False,#505693
1313,FRA,France,2020,39055.28293,2.661,2.0924415726531382,True,#A46D13
1314,FSM,"Micronesia, Fed. Sts.",2020,3639.412699,1.017,0.840027284941326,False,#505693
1315,GBR,United Kingdom,2020,40318.55757,1.633,1.4325833422077294,True,#9A381D
1316,GEO,Georgia,2020,4255.742993,2.28,1.43632398408886,False,#9A381D
1317,GNQ,Equatorial Guinea,2020,6327.599012,1.611,0.1088240494830491,False,#9A381D
1318,GRC,Greece,2020,17658.9473,1.616,3.2611710788156576,True,#A46D13
1319,GTM,Guatemala,2020,4604.576679,1.974,0.7082620875415679,False,#9A381D
1320,HND,Honduras,2020,2354.119614,1.953,0.2096381718426303,False,#9A381D
1321,HRV,Croatia,2020,14198.75396,2.274,1.6840184541177234,True,#9A381D
1322,HUN,Hungary,2020,16120.98905,2.284,1.5326872484014304,True,#9A381D
1323,IDN,Indonesia,2020,3894.272202,1.478,0.274198840840458,True,#505693
1324,IRL,Ireland,2020,85420.19086,1.367,0.7630454663702265,True,#505693
1325,IRN,"Iran, Islamic Rep.",2020,2746.42045,1.501,0.0,False,#9A381D
1326,ISL,Iceland,2020,59200.17794,1.101,1.538636370101951,False,#505693
1327,ISR,Israel,2020,44846.7916,1.797,1.1970977409380132,False,#9A381D
1328,ITA,Italy,2020,31911.03579,2.075,1.949993793878039,True,#9A381D
1329,JAM,Jamaica,2020,4897.265897,1.866,0.0,False,#9A381D
1330,JOR,Jordan,2020,4042.76935,2.0309999999999997,0.033521064517624,False,#9A381D
1331,JPN,Japan,2020,39918.16756,1.632,2.5145515450951725,True,#A46D13
1332,KAZ,Kazakhstan,2020,9121.637138,3.082,0.9701763736475115,False,#9A381D
1333,KEN,Kenya,2020,1936.424589,1.454,0.2150977332413667,False,#505693
1334,KGZ,Kyrgyz Republic,2020,1182.5217,1.619,0.0,False,#9A381D
1335,KHM,Cambodia,2020,1577.911747,1.615,0.24641564611907224,False,#9A381D
1336,KIR,Kiribati,2020,1430.551574,1.917,1.4778548693735,False,#9A381D
1337,KOR,"Korea, Rep.",2020,31721.29891,1.627,0.0,False,#9A381D
1338,KWT,Kuwait,2020,24300.32944,2.01,0.0,False,#9A381D
1339,LBN,Lebanon,2020,5599.957523,2.0469999999999997,0.050583703144804495,False,#9A381D
1340,LBR,Liberia,2020,597.5296919,1.894,0.0,False,#9A381D
1341,LTU,Lithuania,2020,20339.52127,3.644,1.0870718602403042,True,#9A381D
1342,LUX,Luxembourg,2020,117370.4969,2.87,2.1122336030432005,True,#A46D13
1343,LVA,Latvia,2020,18207.13964,3.763,1.1432465884984542,True,#9A381D
1344,MDA,Moldova,2020,4500.624464,3.268,0.25471891689116033,False,#9A381D
1345,MDG,Madagascar,2020,462.4042237,1.263,0.0,False,#505693
1346,MDV,Maldives,2020,7282.358489,1.336,0.0,False,#505693
1347,MHL,Marshall Islands,2020,5567.972727,1.079,0.0,False,#505693
1348,MKD,North Macedonia,2020,5965.450232,1.916,0.0,False,#9A381D
1349,MLT,Malta,2020,28977.56557,1.824,3.029231798844984,True,#A46D13
1350,MMR,Myanmar,2020,1477.45287,1.839,0.0,False,#9A381D
1351,MNG,Mongolia,2020,4041.174196,2.603,0.9836237411113167,False,#9A381D
1352,MUS,Mauritius,2020,9007.419102,1.181,0.15063738882994326,False,#505693
1353,MYS,Malaysia,2020,10160.78325,1.667,0.105512442227721,False,#9A381D
1354,NAM,Namibia,2020,4251.172766,1.798,0.578405712204626,False,#9A381D
1355,NIC,Nicaragua,2020,1863.109257,1.71,0.176004505547814,False,#9A381D
1356,NLD,Netherlands,2020,52162.57012,2.708,2.9449002930901975,True,#A46D13
1357,NOR,Norway,2020,67329.67779,2.671,2.066120786887164,False,#A46D13
1358,NPL,Nepal,2020,1139.190277,0.33,0.4306346692894914,False,#505693
1359,NRU,Nauru,2020,9307.886768,,0.0,False,#9A381D
1360,NZL,New Zealand,2020,41596.5055,1.083,1.8896806837692979,False,#505693
1361,OMN,Oman,2020,16707.62301,0.953,0.0,False,#505693
1362,PAN,Panama,2020,12569.17154,1.561,0.571324445945074,False,#9A381D
1363,PHL,Philippines,2020,3224.422551,1.566,0.2125655737375923,False,#9A381D
1364,PLW,Palau,2020,14016.2475,0.679,0.0,False,#505693
1365,PNG,Papua New Guinea,2020,2446.066306,1.333,0.1068992195074889,False,#505693
1366,POL,Poland,2020,15816.9894,2.881,1.1146405182069998,True,#9A381D
1367,PRT,Portugal,2020,22242.40642,2.2,1.3945611822021953,True,#9A381D
1368,PSE,West Bank and Gaza,2020,3233.568638,1.803,0.0081134800007994,False,#9A381D
1369,QAT,Qatar,2020,52315.66008,1.965,0.0,False,#9A381D
1370,ROU,Romania,2020,13047.43206,2.533,1.360297126954243,True,#9A381D
1371,RUS,Russia,2020,10169.08691,3.943,0.5048242791722078,True,#9A381D
1372,SEN,Senegal,2020,1490.203137,2.0069999999999997,0.9379299645764888,False,#9A381D
1373,SGP,Singapore,2020,60729.45035,,2.7766229748015228,False,#A46D13
1374,SLB,Solomon Islands,2020,2222.465636,0.833,1.2071634046258763,False,#505693
1375,SLV,El Salvador,2020,3903.395839,2.037,0.3368681489947525,False,#9A381D
1376,SMR,San Marino,2020,45320.20872,2.0709999999999997,1.3552674426298232,False,#9A381D
1377,SOM,Somalia,2020,416.2177747,2.19,0.0,False,#9A381D
1378,SRB,Serbia,2020,7733.802869,2.1550000000000002,0.0,False,#9A381D
1379,SVK,Slovak Republic,2020,19545.74282,2.28,1.8435089574181314,False,#9A381D
1380,SVN,Slovenia,2020,25545.241,2.51,1.273498444093951,True,#9A381D
1381,SWE,Sweden,2020,52837.90398,3.203,1.0791908997999937,True,#9A381D
1382,SYC,Seychelles,2020,12808.98747,1.455,0.0,False,#505693
1383,THA,Thailand,2020,6990.935503,1.788,0.1398092174140615,False,#9A381D
1384,TLS,Timor-Leste,2020,1660.30834,2.0140000000000002,0.0,False,#9A381D
1385,TTO,Trinidad and Tobago,2020,13871.79822,1.756,0.0,False,#9A381D
1386,TUN,Tunisia,2020,3497.68141,2.26,0.0,False,#9A381D
1387,TZA,Tanzania,2020,1042.09668,1.259,0.0,False,#505693
1388,UGA,Uganda,2020,846.7672013,1.1,0.371822284070474,False,#505693
1389,UKR,Ukraine,2020,3751.740723,3.264,0.43210848443556377,False,#9A381D
1390,URY,Uruguay,2020,15619.54266,1.336,0.0,False,#505693
1391,USA,United States,2020,63530.63348,1.575,0.169037063,True,#9A381D
1392,UZB,Uzbekistan,2020,1749.655815,1.955,0.0402047415174871,False,#9A381D
1393,WSM,Samoa,2020,4042.751224,0.97,1.37011257625506,False,#505693
1395,ZAF,South Africa,2020,5741.643129,1.038,0.5814773745694075,True,#505693
1396,ZMB,Zambia,2020,956.8313639,1.502,0.1609883899785358,False,#9A381D
